nom,siren,nombre_etablissements,nombre_etablissements_ouverts,num�ro_voie,adresse,complement_voie,code_postal,ville,activit�,caract�re_employeur,epci,etat_administratif,date_creation,tranche_effectif_salarie
LA POSTE,356000000,13095,9065,9,DU COLONEL PIERRE AVIA,DIRECTION GENERALE DE LA POSTE,75015,PARIS,53.10Z,O,200054781,A,2003-01-01,51
CROIX ROUGE FRANCAISE (CRF),775672272,3582,2030,98,DIDOT,SITE CROIX ROUGE,75014,PARIS,88.99B,O,200054781,A,2006-01-25,01
ORANGE,380129866,4451,1867,111,DU PRESIDENT ROOSEVELT,,92130,ISSY-LES-MOULINEAUX,61.10Z,O,200054781,A,2020-06-01,51
COMPASS GROUP FRANCE,632041042,7197,1770,117,DE LA REPUBLIQUE,117-133,92320,CHATILLON,56.29A,O,200054781,A,2017-01-13,32
OGF,542076799,3072,1639,6,DU GENERAL AUDRAN,IMMEUBLE CANOPY,92400,COURBEVOIE,96.03Z,O,200054781,A,2024-07-01,NN
CREDIT LYONNAIS (LCL),954509741,3436,1441,18,DE LA REPUBLIQUE,,69002,LYON,64.19Z,O,200046977,A,2001-08-31,41
LE SOUVENIR FRANCAIS,775676182,1484,1408,20,EUGENE FLACHAT,,75017,PARIS,94.99Z,O,200054781,A,2008-06-27,11
MCDONALD'S FRANCE,722003936,1430,1343,1,GUSTAVE EIFFEL,Z I,78280,GUYANCOURT,68.20B,N,200058782,A,1993-09-01,NN
DISTRIBUTION CASINO FRANCE (DCF),428268023,4452,832,1,ANTOINE GUICHARD,,42000,SAINT-ETIENNE,47.11F,O,244200770,A,2007-11-01,42
CSF,440283752,907,660,,DE PARIS,ZI,14120,MONDEVILLE,70.10Z,O,200065597,A,2001-12-19,11
LA POSTE,356000000,13095,9065,9,DU COLONEL PIERRE AVIA,DIRECTION GENERALE DE LA POSTE,75015,PARIS,53.10Z,O,200054781,A,2003-01-01,51
DISTRIBUTION CASINO FRANCE (DCF),428268023,4452,832,1,ANTOINE GUICHARD,,42000,SAINT-ETIENNE,47.11F,O,244200770,A,2007-11-01,42
NWJ MET,843082389,405,397,31,BOSQUET,,75007,PARIS,35.11Z,N,200054781,A,2023-09-01,NN
NWIE MET,898270251,470,379,31,BOSQUET,,75007,PARIS,52.21Z,N,200054781,A,2023-09-01,NN
LYONNAISE DE BANQUE (CIC LYONNAISE DE ...),954507976,714,374,8,DE LA REPUBLIQUE,,69001,LYON,64.19Z,O,200046977,A,1900-01-01,32
GROUPAMA RHONE ALPES AUVERGNE,779838366,473,344,50,DE SAINT-CYR,,69009,LYON,65.12Z,O,200046977,A,1900-01-01,41
CAISSE REG CREDIT AGRICOLE MUT CTRE-EST (CRCAMCE),399973825,654,274,1,PIERRE DE TRUCHIS DE LAYS,,69410,CHAMPAGNE-AU-MONT-D OR,64.19Z,O,200046977,A,1995-01-01,42
SUD EST RESTAURATION S E R,390703890,270,245,170,DE LAVY,ZA LAVY,01570,MANZIAT,56.29B,O,200071371,A,2022-01-01,03
IRISOLAR 20,883285512,365,193,1200,OLIVIER PERROY,BATIMENT F,13790,ROUSSET,35.11Z,N,200054807,A,2020-05-04,NN
ALFA 3A,775544026,255,163,14,AGUETANT,,01500,AMBERIEU-EN-BUGEY,70.10Z,O,240100883,A,2009-01-01,21
LA POSTE,356000000,13095,9065,9,DU COLONEL PIERRE AVIA,DIRECTION GENERALE DE LA POSTE,75015,PARIS,53.10Z,O,200054781,A,2003-01-01,51
ELECTRICITE DE FRANCE (EDF),552081317,9135,3613,22,DE WAGRAM,22-30,75008,PARIS,35.11Z,O,200054781,A,2006-08-01,NN
ELIOR RESTAURATION FRANCE (ELIOR RESTAURATION ENSEIGNEMENT - ELIOR RESTAURATION SANTE),662025196,7074,2979,51,DES MECHES,,94000,CRETEIL,56.29B,N,200054781,A,2025-04-01,NN
SOCIETE GENERALE (SG),552120222,4245,2655,29,HAUSSMANN,,75009,PARIS,64.19Z,O,200054781,A,1900-01-01,41
SNCF RESEAU,412280737,2235,2071,15,JEAN-PHILIPPE RAMEAU,15 AU 17,93200,SAINT-DENIS,52.21Z,O,200054781,A,2015-10-01,41
BNP PARIBAS (HELLO BANK!),662042449,3762,2016,16,DES ITALIENS,,75009,PARIS,64.19Z,O,200054781,A,1966-07-01,42
ORANGE,380129866,4451,1867,111,DU PRESIDENT ROOSEVELT,,92130,ISSY-LES-MOULINEAUX,61.10Z,O,200054781,A,2020-06-01,51
COMPASS GROUP FRANCE,632041042,7197,1770,117,DE LA REPUBLIQUE,117-133,92320,CHATILLON,56.29A,O,200054781,A,2017-01-13,32
LIDL (LIDL),343262622,2720,1691,1,DE HANOVRE,,92290,CHATENAY-MALABRY,70.10Z,O,200054781,A,2024-06-17,NN
OGF,542076799,3072,1639,6,DU GENERAL AUDRAN,IMMEUBLE CANOPY,92400,COURBEVOIE,96.03Z,O,200054781,A,2024-07-01,NN
LA POSTE,356000000,13095,9065,9,DU COLONEL PIERRE AVIA,DIRECTION GENERALE DE LA POSTE,75015,PARIS,53.10Z,O,200054781,A,2003-01-01,51
CROIX ROUGE FRANCAISE (CRF),775672272,3582,2030,98,DIDOT,SITE CROIX ROUGE,75014,PARIS,88.99B,O,200054781,A,2006-01-25,01
LE SOUVENIR FRANCAIS,775676182,1484,1408,20,EUGENE FLACHAT,,75017,PARIS,94.99Z,O,200054781,A,2008-06-27,11
DISTRIBUTION CASINO FRANCE (DCF),428268023,4452,832,1,ANTOINE GUICHARD,,42000,SAINT-ETIENNE,47.11F,O,244200770,A,2007-11-01,42
CAISSE REG CREDIT AGRICOLE MUT CTRE-EST (CRCAMCE),399973825,654,274,1,PIERRE DE TRUCHIS DE LAYS,,69410,CHAMPAGNE-AU-MONT-D OR,64.19Z,O,200046977,A,1995-01-01,42
GAVRIANE (CAP SUD),514801414,474,227,85,CONDORCET,,38090,VAULX-MILIEU,64.20Z,N,243800604,A,2015-08-06,NN
IRISOLAR 25 (IRISOLAR 25),901859645,236,188,1200,OLIVIER PERROY,BATIMENT F,13790,ROUSSET,35.11Z,N,200054807,A,2021-07-01,NN
IRISOLAR 32,979253044,188,183,1200,OLIVIER PERROY,,13790,ROUSSET,35.11Z,N,200054807,A,2023-08-08,NN
IRISOLAR 24,901859553,235,174,,OLIVIER PERROY,,13790,ROUSSET,70.10Z,N,200054807,A,2021-07-01,NN
IRISOLAR 18,844149781,152,116,1200,OLIVIER PERROY,BAT. F,13790,ROUSSET,35.11Z,N,200054807,A,2020-09-08,NN
LA POSTE,356000000,13095,9065,9,DU COLONEL PIERRE AVIA,DIRECTION GENERALE DE LA POSTE,75015,PARIS,53.10Z,O,200054781,A,2003-01-01,51
CAISSE REG CREDIT AGRICOLE MUT CTRE-EST (CRCAMCE),399973825,654,274,1,PIERRE DE TRUCHIS DE LAYS,,69410,CHAMPAGNE-AU-MONT-D OR,64.19Z,O,200046977,A,1995-01-01,42
DEPARTEMENT DE L AIN,220100010,103,90,45,D'ALSACE LORRAINE,,01000,BOURG-EN-BRESSE,84.11Z,O,200071751,A,1983-03-01,42
PHEBUS INVEST 06 (PHEBUS INVEST 06) (SASU),987770815,100,86,3,DE LACOURTENSOURT,,31150,FENOUILLET,35.11Z,N,243100518,A,2024-03-18,NN
SATURNE,878459890,34,22,10,DE VERDUN RAMBAUD,LE COURS DU MIDI,69002,LYON,35.11Z,N,200046977,A,2023-02-03,NN
SOCIETE TELLIF,341091643,24,18,40,AMPERE,ZAC DES PORTES DU VEXIN,95300,ENNERY,35.11Z,N,249500430,A,2016-02-15,NN
OXYANE SOLAIRE I,890326945,27,13,10,DE VERDUN RAMBAUD,LE COURS DU MIDI,69002,LYON,35.11Z,N,200046977,A,2023-02-03,NN
INATA,791931264,13,12,52,DU SABLON,,01300,MAGNIEU,35.11Z,N,200040350,A,2013-03-25,NN
COMMUNE DE GROSLEE-SAINT-BENOIT,200060143,8,8,13,DES VIEILLES MAISONS,,01300,GROSLEE-SAINT-BENOIT,84.11Z,O,200040350,A,2016-01-01,11
COMMUNE DE ARBOYS EN BUGEY,200053668,6,6,,DE LA MAIRIE,,01300,ARBOYS EN BUGEY,84.11Z,O,200040350,A,2016-01-01,03
LA POSTE,356000000,13095,9065,9,DU COLONEL PIERRE AVIA,DIRECTION GENERALE DE LA POSTE,75015,PARIS,53.10Z,O,200054781,A,2003-01-01,51
ELIOR RESTAURATION FRANCE (ELIOR RESTAURATION ENSEIGNEMENT - ELIOR RESTAURATION SANTE),662025196,7074,2979,51,DES MECHES,,94000,CRETEIL,56.29B,N,200054781,A,2025-04-01,NN
CROIX ROUGE FRANCAISE (CRF),775672272,3582,2030,98,DIDOT,SITE CROIX ROUGE,75014,PARIS,88.99B,O,200054781,A,2006-01-25,01
OGF,542076799,3072,1639,6,DU GENERAL AUDRAN,IMMEUBLE CANOPY,92400,COURBEVOIE,96.03Z,O,200054781,A,2024-07-01,NN
CREDIT LYONNAIS (LCL),954509741,3436,1441,18,DE LA REPUBLIQUE,,69002,LYON,64.19Z,O,200046977,A,2001-08-31,41
CARREFOUR PROXIMITE FRANCE,345130488,2921,1399,,DE PARIS,ZI,14120,MONDEVILLE,68.20B,N,200065597,A,1988-06-02,03
MCDONALD'S FRANCE,722003936,1430,1343,1,GUSTAVE EIFFEL,Z I,78280,GUYANCOURT,68.20B,N,200058782,A,1993-09-01,NN
OBOL FRANCE 3,828160069,1130,1128,6,DU GENERAL AUDRAN,IMMEUBLE CANOPY,92400,COURBEVOIE,70.22Z,O,200054781,A,2024-07-01,NN
PICARD SURGELES,784939688,1203,1126,1,MILITAIRE,,77300,FONTAINEBLEAU,70.10Z,O,200072346,A,2020-06-12,22
CARGLASS S.A.S. (CARGLASS PARE-BRISE COURBEVOIE),425050556,1241,940,107,DE LA MISSION MARCHAND,,92400,COURBEVOIE,45.20A,O,200054781,A,2006-04-03,21
LA POSTE,356000000,13095,9065,9,DU COLONEL PIERRE AVIA,DIRECTION GENERALE DE LA POSTE,75015,PARIS,53.10Z,O,200054781,A,2003-01-01,51
ELECTRICITE DE FRANCE (EDF),552081317,9135,3613,22,DE WAGRAM,22-30,75008,PARIS,35.11Z,O,200054781,A,2006-08-01,NN
ELIOR RESTAURATION FRANCE (ELIOR RESTAURATION ENSEIGNEMENT - ELIOR RESTAURATION SANTE),662025196,7074,2979,51,DES MECHES,,94000,CRETEIL,56.29B,N,200054781,A,2025-04-01,NN
SOCIETE GENERALE (SG),552120222,4245,2655,29,HAUSSMANN,,75009,PARIS,64.19Z,O,200054781,A,1900-01-01,41
SNCF RESEAU,412280737,2235,2071,15,JEAN-PHILIPPE RAMEAU,15 AU 17,93200,SAINT-DENIS,52.21Z,O,200054781,A,2015-10-01,41
CROIX ROUGE FRANCAISE (CRF),775672272,3582,2030,98,DIDOT,SITE CROIX ROUGE,75014,PARIS,88.99B,O,200054781,A,2006-01-25,01
BNP PARIBAS (HELLO BANK!),662042449,3762,2016,16,DES ITALIENS,,75009,PARIS,64.19Z,O,200054781,A,1966-07-01,42
ORANGE,380129866,4451,1867,111,DU PRESIDENT ROOSEVELT,,92130,ISSY-LES-MOULINEAUX,61.10Z,O,200054781,A,2020-06-01,51
COMPASS GROUP FRANCE,632041042,7197,1770,117,DE LA REPUBLIQUE,117-133,92320,CHATILLON,56.29A,O,200054781,A,2017-01-13,32
LIDL (LIDL),343262622,2720,1691,1,DE HANOVRE,,92290,CHATENAY-MALABRY,70.10Z,O,200054781,A,2024-06-17,NN
LA POSTE,356000000,13095,9065,9,DU COLONEL PIERRE AVIA,DIRECTION GENERALE DE LA POSTE,75015,PARIS,53.10Z,O,200054781,A,2003-01-01,51
ELECTRICITE DE FRANCE (EDF),552081317,9135,3613,22,DE WAGRAM,22-30,75008,PARIS,35.11Z,O,200054781,A,2006-08-01,NN
ELIOR RESTAURATION FRANCE (ELIOR RESTAURATION ENSEIGNEMENT - ELIOR RESTAURATION SANTE),662025196,7074,2979,51,DES MECHES,,94000,CRETEIL,56.29B,N,200054781,A,2025-04-01,NN
SOCIETE GENERALE (SG),552120222,4245,2655,29,HAUSSMANN,,75009,PARIS,64.19Z,O,200054781,A,1900-01-01,41
CROIX ROUGE FRANCAISE (CRF),775672272,3582,2030,98,DIDOT,SITE CROIX ROUGE,75014,PARIS,88.99B,O,200054781,A,2006-01-25,01
BNP PARIBAS (HELLO BANK!),662042449,3762,2016,16,DES ITALIENS,,75009,PARIS,64.19Z,O,200054781,A,1966-07-01,42
ORANGE,380129866,4451,1867,111,DU PRESIDENT ROOSEVELT,,92130,ISSY-LES-MOULINEAUX,61.10Z,O,200054781,A,2020-06-01,51
COMPASS GROUP FRANCE,632041042,7197,1770,117,DE LA REPUBLIQUE,117-133,92320,CHATILLON,56.29A,O,200054781,A,2017-01-13,32
CREDIT LYONNAIS (LCL),954509741,3436,1441,18,DE LA REPUBLIQUE,,69002,LYON,64.19Z,O,200046977,A,2001-08-31,41
LE SOUVENIR FRANCAIS,775676182,1484,1408,20,EUGENE FLACHAT,,75017,PARIS,94.99Z,O,200054781,A,2008-06-27,11
SOCIETE NATIONALE SNCF (SNCF),552049447,9179,365,2,AUX ETOILES,,93210,SAINT-DENIS,49.10Z,O,200054781,A,1986-06-23,41
ASSOCIATION DEPARTEMENTALE DE SAVOIE OFFICE CENTRAL DE LA COOPERATION A L ECOLE - O.C.C.E.,392686150,186,185,20,JEAN GOTTELAND,LE BIOLLAY,73000,CHAMBERY,94.99Z,N,200069110,A,2020-11-25,NN
IRISOLAR 24,901859553,235,174,,OLIVIER PERROY,,13790,ROUSSET,70.10Z,N,200054807,A,2021-07-01,NN
VACANCEOLE,519796429,71,58,54,VOIE ALBERT EINSTEIN,PA ALPESPACE-BATIMENT ERIS-FRANCIN,73800,PORTE-DE-SAVOIE,64.20Z,N,200041010,A,2018-10-17,NN
PRODUITS DE REVETEMENT DU BATIMENT (P.R.B.),303789127,52,30,16,DE LA TOUR,ZI SUD LA MOTHE ACHARD,85150,LES ACHARDS,23.64Z,O,248500530,A,1900-01-01,41
CSEC BNPPARIBAS,775693468,22,19,150,DU FAUBOURG POISSONNIERE,,75010,PARIS,94.20Z,O,200054781,A,2019-11-01,12
ASS DEPART PUPILLES ENSEIGNEMENT PUBLIC (ADPEP),301571386,29,16,7,DE TCHECOSLOVAQUIE,2EME ETAGE,62000,ARRAS,88.99B,O,200033579,A,2000-10-01,12
SAMFI 45,908454218,16,16,,DU POIRIER,,14650,CARPIQUET,35.11Z,N,200065597,A,2021-12-16,NN
COMMUNAUTE DE COMMUNES USSES ET RHONE,200070852,13,9,70,DE LA SEMINE,,74270,CHENE-EN-SEMINE,84.11Z,O,200070852,A,2025-09-09,NN
FERROGLOBE FRANCE,642005177,31,8,711,DES LANDIERS,IMMEUBLE LANDART - BATIMENT A 3EME ET,73000,CHAMBERY,20.13B,N,200069110,A,2024-12-02,NN
LA POSTE,356000000,13095,9065,9,DU COLONEL PIERRE AVIA,DIRECTION GENERALE DE LA POSTE,75015,PARIS,53.10Z,O,200054781,A,2003-01-01,51
ENGIE (ENGIE),542107651,1418,927,1,SAMUEL DE CHAMPLAIN,,92400,COURBEVOIE,35.23Z,O,200054781,A,2010-02-01,42
"ADECCO FRANCE (ADECCO FRANCE, LHH RECRUITMENT SOLUTIONS, AKKODIS TALENT)",998823504,3211,922,2,HENRI LEGAY,,69100,VILLEURBANNE,78.20Z,N,200046977,A,2016-10-03,31
DISTRIBUTION CASINO FRANCE (DCF),428268023,4452,832,1,ANTOINE GUICHARD,,42000,SAINT-ETIENNE,47.11F,O,244200770,A,2007-11-01,42
KLARA,897492294,577,577,34,DES CHAMPS ELYSEES,,75008,PARIS,35.11Z,N,200054781,A,2021-03-01,NN
MANPOWER FRANCE,429955297,1514,543,6,DES DEGRES,TOUR LANDSCAPE,92800,PUTEAUX,78.20Z,N,200054781,A,2023-08-01,41
COLAS FRANCE,329338883,557,427,1,DU COLONEL PIERRE AVIA,,75015,PARIS,42.11Z,N,200054781,A,2020-08-01,21
SUEZ EAU FRANCE,410034607,434,299,4,DE LA PYRAMIDE,ALTIPLANO,92800,PUTEAUX,36.00Z,O,200054781,A,2025-01-15,NN
CONFORAMA FRANCE,414819409,323,245,80,DU MANDINET,LOGNES,77185,LOGNES,47.59A,O,200057958,A,1999-01-27,41
TEREVA,434004198,214,174,18,ARSENE D'ARSONVAL,ZI NORD,01000,BOURG-EN-BRESSE,46.74B,N,200071751,A,2000-11-28,32
PV PROD 2,881291959,367,348,4,ZA LE MOULINS,,04220,CORBIERES-EN-PROVENCE,35.11Z,N,200034700,A,2022-06-07,NN
T.D-DISTRIBUTION THEVENIN-DUCROT-DISTRIBUTION (AVIA),352860639,435,284,7,DU POINT DU JOUR,,21800,CHEVIGNY-SAINT-SAUVEUR,47.78B,O,242100410,A,2001-11-01,12
ARKOLIA INVEST 121,921515391,109,71,16,DES VERGERS,ZONE D ACTIVITES DU BOSC,34130,MUDAISON,35.11Z,N,243400470,A,2022-10-26,NN
SOLEIL 12,891013476,49,44,3,DE LACOURTENSOURT,,31150,FENOUILLET,35.11Z,N,243100518,A,2020-10-28,NN
PV PROD 3 (PV PROD 3),884346099,26,23,15,LE MOULIN,,04220,CORBIERES-EN-PROVENCE,35.11Z,N,200034700,A,2024-01-29,NN
COMMUNE DE CHALEY,210100764,3,3,,,HOTEL DE VILLE,01230,CHALEY,84.11Z,O,240100883,A,1983-03-01,02
PHILIPPE BESSARD,332056910,14,2,7,DU CHATEAU,,07100,ANNONAY,68.20A,N,200072015,A,2021-01-01,NN
L'AUBERGE CAMPAGNARDE - MERLOZ (SARL L'AUBERGE CAMPAGNARDE - MERLOZ),453250201,2,2,4,LE VILLAGE,,01230,EVOSGES,46.19B,O,200042935,A,2004-04-01,01
DIEGO HEU,522731256,8,2,827,JACQUES DUPRE,,07170,VILLENEUVE-DE-BERG,01.49Z,N,240700815,A,2020-03-01,NN
FORCES MOTRICES DE L'AIN ET DU JURA (FMAJ),304154859,4,2,120,DE LA OUTARDE,,01500,CHATEAU-GAILLARD,35.11Z,O,240100883,A,2018-05-01,NN
LA POSTE,356000000,13095,9065,9,DU COLONEL PIERRE AVIA,DIRECTION GENERALE DE LA POSTE,75015,PARIS,53.10Z,O,200054781,A,2003-01-01,51
ELECTRICITE DE FRANCE (EDF),552081317,9135,3613,22,DE WAGRAM,22-30,75008,PARIS,35.11Z,O,200054781,A,2006-08-01,NN
SNCF RESEAU,412280737,2235,2071,15,JEAN-PHILIPPE RAMEAU,15 AU 17,93200,SAINT-DENIS,52.21Z,O,200054781,A,2015-10-01,41
DISTRIBUTION CASINO FRANCE (DCF),428268023,4452,832,1,ANTOINE GUICHARD,,42000,SAINT-ETIENNE,47.11F,O,244200770,A,2007-11-01,42
SOCIETE NATIONALE SNCF (SNCF),552049447,9179,365,2,AUX ETOILES,,93210,SAINT-DENIS,49.10Z,O,200054781,A,1986-06-23,41
CAISSE REG CREDIT AGRICOLE MUT CTRE-EST (CRCAMCE),399973825,654,274,1,PIERRE DE TRUCHIS DE LAYS,,69410,CHAMPAGNE-AU-MONT-D OR,64.19Z,O,200046977,A,1995-01-01,42
IRISOLAR 34,925325078,166,165,1200,OLIVIER PERROY,BAT F,13790,ROUSSET,35.11Z,N,200054807,A,2024-02-27,NN
PHEBUS INVEST 05,824110902,60,59,3,DE LACOURTENSOURT,,31150,FENOUILLET,35.11Z,N,243100518,A,2016-11-28,NN
SILOSUN PV24 (SILOSUN),939359048,49,49,5,PIERRE DRAVET,,13011,MARSEILLE,35.11Z,N,200054807,A,2024-09-30,NN
SOLEIL 12,891013476,49,44,3,DE LACOURTENSOURT,,31150,FENOUILLET,35.11Z,N,243100518,A,2020-10-28,NN
LA POSTE,356000000,13095,9065,9,DU COLONEL PIERRE AVIA,DIRECTION GENERALE DE LA POSTE,75015,PARIS,53.10Z,O,200054781,A,2003-01-01,51
ELECTRICITE DE FRANCE (EDF),552081317,9135,3613,22,DE WAGRAM,22-30,75008,PARIS,35.11Z,O,200054781,A,2006-08-01,NN
ELIOR RESTAURATION FRANCE (ELIOR RESTAURATION ENSEIGNEMENT - ELIOR RESTAURATION SANTE),662025196,7074,2979,51,DES MECHES,,94000,CRETEIL,56.29B,N,200054781,A,2025-04-01,NN
SOCIETE GENERALE (SG),552120222,4245,2655,29,HAUSSMANN,,75009,PARIS,64.19Z,O,200054781,A,1900-01-01,41
SNCF RESEAU,412280737,2235,2071,15,JEAN-PHILIPPE RAMEAU,15 AU 17,93200,SAINT-DENIS,52.21Z,O,200054781,A,2015-10-01,41
CROIX ROUGE FRANCAISE (CRF),775672272,3582,2030,98,DIDOT,SITE CROIX ROUGE,75014,PARIS,88.99B,O,200054781,A,2006-01-25,01
BNP PARIBAS (HELLO BANK!),662042449,3762,2016,16,DES ITALIENS,,75009,PARIS,64.19Z,O,200054781,A,1966-07-01,42
ORANGE,380129866,4451,1867,111,DU PRESIDENT ROOSEVELT,,92130,ISSY-LES-MOULINEAUX,61.10Z,O,200054781,A,2020-06-01,51
LIDL (LIDL),343262622,2720,1691,1,DE HANOVRE,,92290,CHATENAY-MALABRY,70.10Z,O,200054781,A,2024-06-17,NN
OGF,542076799,3072,1639,6,DU GENERAL AUDRAN,IMMEUBLE CANOPY,92400,COURBEVOIE,96.03Z,O,200054781,A,2024-07-01,NN
CROIX ROUGE FRANCAISE (CRF),775672272,3582,2030,98,DIDOT,SITE CROIX ROUGE,75014,PARIS,88.99B,O,200054781,A,2006-01-25,01
ORANGE,380129866,4451,1867,111,DU PRESIDENT ROOSEVELT,,92130,ISSY-LES-MOULINEAUX,61.10Z,O,200054781,A,2020-06-01,51
COMPASS GROUP FRANCE,632041042,7197,1770,117,DE LA REPUBLIQUE,117-133,92320,CHATILLON,56.29A,O,200054781,A,2017-01-13,32
MCDONALD'S FRANCE,722003936,1430,1343,1,GUSTAVE EIFFEL,Z I,78280,GUYANCOURT,68.20B,N,200058782,A,1993-09-01,NN
SOGERES (SOGERES),572102176,2856,1221,6,DE LA REDOUTE,,78280,GUYANCOURT,70.10Z,O,200058782,A,2018-01-01,21
SODEXO SANTE MEDICO SOCIAL (SFS),338253081,2965,931,6,DE LA REDOUTE,,78280,GUYANCOURT,56.29A,O,200058782,A,2009-07-01,22
BOULANGERIES BG (B B G),478455793,586,567,615,DE LA CHAFFINE,,13160,CHATEAURENARD,10.71A,O,200035087,A,2023-05-02,22
SANTE RESTAURATION SERVICES (ANTHEMIS),433957693,666,468,14,DES GAUDINES,,78100,SAINT-GERMAIN-EN-LAYE,56.29A,O,200058519,A,2007-04-30,22
SOCIETE NATIONALE SNCF (SNCF),552049447,9179,365,2,AUX ETOILES,,93210,SAINT-DENIS,49.10Z,O,200054781,A,1986-06-23,41
LAFARGE BETONS,414815043,342,274,14,GARIBALDI,14-16,92130,ISSY-LES-MOULINEAUX,23.63Z,N,200054781,A,2021-10-01,11
OGF,542076799,3072,1639,6,DU GENERAL AUDRAN,IMMEUBLE CANOPY,92400,COURBEVOIE,96.03Z,O,200054781,A,2024-07-01,NN
OBOL FRANCE 3,828160069,1130,1128,6,DU GENERAL AUDRAN,IMMEUBLE CANOPY,92400,COURBEVOIE,70.22Z,O,200054781,A,2024-07-01,NN
PICOTIE SOLAIRE,538160615,622,379,,LE LANGAULT,,41160,SAINT-HILAIRE-LA-GRAVELLE,35.11Z,N,200040772,A,2011-11-22,NN
VOIES NAVIGABLES DE FRANCE (VNF),130017791,375,370,175,LUDOVIC BOUTLEUX,,62400,BETHUNE,84.13Z,O,200072460,A,2013-01-01,32
T.D-DISTRIBUTION THEVENIN-DUCROT-DISTRIBUTION (AVIA),352860639,435,284,7,DU POINT DU JOUR,,21800,CHEVIGNY-SAINT-SAUVEUR,47.78B,O,242100410,A,2001-11-01,12
OTS T1,910546472,212,197,17,GEORGES BIZET,,75016,PARIS,35.11Z,N,200054781,A,2022-02-15,NN
IRISOLAR 25 (IRISOLAR 25),901859645,236,188,1200,OLIVIER PERROY,BATIMENT F,13790,ROUSSET,35.11Z,N,200054807,A,2021-07-01,NN
IRISOLAR 28,911666824,174,142,1200,OLIVIER PERROY,BAT F,13790,ROUSSET,35.11Z,N,200054807,A,2022-03-14,NN
MAZAGRAN SERVICE,416220010,141,98,,DE L'ETANG,ZI,89200,AVALLON,70.10Z,O,200039758,A,1995-08-01,03
SCHIEVER CARBURANTS,507841229,106,91,,DE L'ETANG,ZONE INDUSTRIELLE,89200,AVALLON,47.30Z,O,200039758,A,2008-09-01,01
LA POSTE,356000000,13095,9065,9,DU COLONEL PIERRE AVIA,DIRECTION GENERALE DE LA POSTE,75015,PARIS,53.10Z,O,200054781,A,2003-01-01,51
SNCF RESEAU,412280737,2235,2071,15,JEAN-PHILIPPE RAMEAU,15 AU 17,93200,SAINT-DENIS,52.21Z,O,200054781,A,2015-10-01,41
DISTRIBUTION CASINO FRANCE (DCF),428268023,4452,832,1,ANTOINE GUICHARD,,42000,SAINT-ETIENNE,47.11F,O,244200770,A,2007-11-01,42
LYONNAISE DE BANQUE (CIC LYONNAISE DE ...),954507976,714,374,8,DE LA REPUBLIQUE,,69001,LYON,64.19Z,O,200046977,A,1900-01-01,32
SOCIETE NATIONALE SNCF (SNCF),552049447,9179,365,2,AUX ETOILES,,93210,SAINT-DENIS,49.10Z,O,200054781,A,1986-06-23,41
CAISSE REG CREDIT AGRICOLE MUT CTRE-EST (CRCAMCE),399973825,654,274,1,PIERRE DE TRUCHIS DE LAYS,,69410,CHAMPAGNE-AU-MONT-D OR,64.19Z,O,200046977,A,1995-01-01,42
IRISOLAR 34,925325078,166,165,1200,OLIVIER PERROY,BAT F,13790,ROUSSET,35.11Z,N,200054807,A,2024-02-27,NN
ALFA 3A,775544026,255,163,14,AGUETANT,,01500,AMBERIEU-EN-BUGEY,70.10Z,O,240100883,A,2009-01-01,21
GROUPE SOS SENIORS,775618150,133,85,47,HAUTE SEILLE,,57000,METZ,70.10Z,O,200039865,A,2013-05-13,21
SILVERSUN DGS 2,951830413,71,70,20,RENE DUMONT,ZA LA BERTOIRE 2,13410,LAMBESC,35.11Z,N,200054807,A,2025-04-30,NN
LA POSTE,356000000,13095,9065,9,DU COLONEL PIERRE AVIA,DIRECTION GENERALE DE LA POSTE,75015,PARIS,53.10Z,O,200054781,A,2003-01-01,51
SOCIETE NATIONALE SNCF (SNCF),552049447,9179,365,2,AUX ETOILES,,93210,SAINT-DENIS,49.10Z,O,200054781,A,1986-06-23,41
ASS DEP AMIS ENFANTS INADAPTES (ADAPEI),775544083,64,49,20,DES GRANGES BARDES,,01000,BOURG-EN-BRESSE,70.10Z,O,200071751,A,2019-11-12,12
BORALEX,424442762,137,35,71,JEAN JAURES,,62575,BLENDECQUES,64.30Z,O,200069037,A,2003-01-31,12
COMMUNE DE PLATEAU D'HAUTEVILLE,200086122,15,15,320,DE LA REPUBLIQUE,,01110,PLATEAU D'HAUTEVILLE,84.11Z,O,200042935,A,2019-01-01,21
ADPEP ASSO PUPILLE ENSEI PUBLI,315502013,23,14,7,JEAN-MARIE VERNE,MAISON DE L ENSEIGNEMENT,01000,BOURG-EN-BRESSE,87.10B,O,200071751,A,2003-10-01,11
PRISE SNC,810990275,9,8,75,SAINT-LAZARE,,75009,PARIS,35.11Z,N,200054781,A,2020-12-17,NN
CTRE HOSPITALIER PUBLIC D HAUTEVILLE (CHPH),260110192,9,7,,FELIX MANGINI,,01110,PLATEAU D'HAUTEVILLE,86.10Z,N,200042935,A,2000-01-01,32
SPIE BATIGNOLLES TP AURA,351561451,7,6,1530,D'ARGENT,ZI DE MORESTEL,38510,MORESTEL,42.11Z,O,200068542,A,1989-07-01,21
CLAUDE LEBLANC,900074477,6,6,37,DE PONT-NAVET,,01510,SAINT-MARTIN-DE-BAVEL,68.20A,N,200040350,A,2021-01-01,NN
LA POSTE,356000000,13095,9065,9,DU COLONEL PIERRE AVIA,DIRECTION GENERALE DE LA POSTE,75015,PARIS,53.10Z,O,200054781,A,2003-01-01,51
SOCIETE GENERALE (SG),552120222,4245,2655,29,HAUSSMANN,,75009,PARIS,64.19Z,O,200054781,A,1900-01-01,41
CARREFOUR PROXIMITE FRANCE,345130488,2921,1399,,DE PARIS,ZI,14120,MONDEVILLE,68.20B,N,200065597,A,1988-06-02,03
SODEXO ENTREPRISES,338253230,2822,1072,6,DE LA REDOUTE,,78280,GUYANCOURT,56.29A,O,200058782,A,2009-07-01,31
SODEXO SANTE MEDICO SOCIAL (SFS),338253081,2965,931,6,DE LA REDOUTE,,78280,GUYANCOURT,56.29A,O,200058782,A,2009-07-01,22
NWJ MET 3,902890292,999,899,31,BOSQUET,,75007,PARIS,35.11Z,N,200054781,A,2023-09-01,NN
DISTRIBUTION CASINO FRANCE (DCF),428268023,4452,832,1,ANTOINE GUICHARD,,42000,SAINT-ETIENNE,47.11F,O,244200770,A,2007-11-01,42
CSF,440283752,907,660,,DE PARIS,ZI,14120,MONDEVILLE,70.10Z,O,200065597,A,2001-12-19,11
SOCIETE FRANCAISE DE RESTAURATION ET SERVICES (SODEXO ECOLES & UNIVERSITES DEL APPRO LES PETITS GASTRONOMES SODEXO ENSEIGNEMENT SUPERIEUR) (SFRS),338253131,1451,514,6,DE LA REDOUTE,,78280,GUYANCOURT,56.29A,O,200058782,A,2009-07-01,22
NEWREST RESTAURATION,351442082,821,500,8,HENRY POTEZ,,31700,BLAGNAC,56.29B,N,243100518,A,2023-03-01,NN
LA POSTE,356000000,13095,9065,9,DU COLONEL PIERRE AVIA,DIRECTION GENERALE DE LA POSTE,75015,PARIS,53.10Z,O,200054781,A,2003-01-01,51
ELIOR RESTAURATION FRANCE (ELIOR RESTAURATION ENSEIGNEMENT - ELIOR RESTAURATION SANTE),662025196,7074,2979,51,DES MECHES,,94000,CRETEIL,56.29B,N,200054781,A,2025-04-01,NN
SNCF RESEAU,412280737,2235,2071,15,JEAN-PHILIPPE RAMEAU,15 AU 17,93200,SAINT-DENIS,52.21Z,O,200054781,A,2015-10-01,41
CROIX ROUGE FRANCAISE (CRF),775672272,3582,2030,98,DIDOT,SITE CROIX ROUGE,75014,PARIS,88.99B,O,200054781,A,2006-01-25,01
COMPASS GROUP FRANCE,632041042,7197,1770,117,DE LA REPUBLIQUE,117-133,92320,CHATILLON,56.29A,O,200054781,A,2017-01-13,32
NWJ MET 3,902890292,999,899,31,BOSQUET,,75007,PARIS,35.11Z,N,200054781,A,2023-09-01,NN
DISTRIBUTION CASINO FRANCE (DCF),428268023,4452,832,1,ANTOINE GUICHARD,,42000,SAINT-ETIENNE,47.11F,O,244200770,A,2007-11-01,42
SOCIETE NATIONALE SNCF (SNCF),552049447,9179,365,2,AUX ETOILES,,93210,SAINT-DENIS,49.10Z,O,200054781,A,1986-06-23,41
CAISSE D'EPARGNE ET DE PREVOYANCE DE RHONE ALPES (CERA(CAISSE EPARGNE),384006029,443,280,116,LAFAYETTE,,69003,LYON,64.19Z,O,200046977,A,2015-12-10,41
CAISSE REG CREDIT AGRICOLE MUT CTRE-EST (CRCAMCE),399973825,654,274,1,PIERRE DE TRUCHIS DE LAYS,,69410,CHAMPAGNE-AU-MONT-D OR,64.19Z,O,200046977,A,1995-01-01,42
CARREFOUR PROXIMITE FRANCE,345130488,2921,1399,,DE PARIS,ZI,14120,MONDEVILLE,68.20B,N,200065597,A,1988-06-02,03
SODEXO ENTREPRISES,338253230,2822,1072,6,DE LA REDOUTE,,78280,GUYANCOURT,56.29A,O,200058782,A,2009-07-01,31
"LAGARDERE TRAVEL RETAIL FRANCE (COFEC - RELAY, RELAY STORE, RELAY SHOP, RELAY WEB, RELAY INTERNATIONAL)",542095336,1809,932,4,ANDRE MALRAUX,4-10 IMMEUBLE OCTANT,92300,LEVALLOIS-PERRET,70.10Z,O,200054781,A,2020-05-29,32
NWJ MET 3,902890292,999,899,31,BOSQUET,,75007,PARIS,35.11Z,N,200054781,A,2023-09-01,NN
ADOMA,788058030,911,827,33,PIERRE MENDES FRANCE,,75013,PARIS,55.90Z,N,200054781,A,2019-01-28,31
ME GROUP FRANCE,592033930,861,734,8,AUBER,PLN.,75009,PARIS,96.09Z,N,200054781,A,2021-05-10,32
RANDSTAD (RANDSTAD INHOUSE),433999356,1964,706,276,DU PRESIDENT WILSON,,93210,SAINT-DENIS,78.20Z,O,200054781,A,2001-03-05,32
FIDUCIAL CONSULTING (FIDUCIAL CONSULTING) (FIDINFOR),972200018,1165,533,41,DU CAPITAINE GUYNEMER,,92400,COURBEVOIE,63.11Z,O,200054781,A,2007-04-01,11
SOC FIDUCIAIRE NATIO EXPERTISE COMPTABLE (FIDUCIAL EXPERTISE ; JADE FIDUCIAL) (FID),552108722,1270,531,41,DU CAPITAINE GUYNEMER,,92400,COURBEVOIE,69.20Z,O,200054781,A,2007-04-01,12
CAP SUD FRANCE,531757029,626,515,85,CONDORCET,,38090,VAULX-MILIEU,43.22B,N,243800604,A,2015-08-06,NN
LA POSTE,356000000,13095,9065,9,DU COLONEL PIERRE AVIA,DIRECTION GENERALE DE LA POSTE,75015,PARIS,53.10Z,O,200054781,A,2003-01-01,51
CARREFOUR PROXIMITE FRANCE,345130488,2921,1399,,DE PARIS,ZI,14120,MONDEVILLE,68.20B,N,200065597,A,1988-06-02,03
SODEXO SANTE MEDICO SOCIAL (SFS),338253081,2965,931,6,DE LA REDOUTE,,78280,GUYANCOURT,56.29A,O,200058782,A,2009-07-01,22
ENGIE (ENGIE),542107651,1418,927,1,SAMUEL DE CHAMPLAIN,,92400,COURBEVOIE,35.23Z,O,200054781,A,2010-02-01,42
"ADECCO FRANCE (ADECCO FRANCE, LHH RECRUITMENT SOLUTIONS, AKKODIS TALENT)",998823504,3211,922,2,HENRI LEGAY,,69100,VILLEURBANNE,78.20Z,N,200046977,A,2016-10-03,31
DISTRIBUTION CASINO FRANCE (DCF),428268023,4452,832,1,ANTOINE GUICHARD,,42000,SAINT-ETIENNE,47.11F,O,244200770,A,2007-11-01,42
APF FRANCE HANDICAP (APF),775688732,1116,620,17,AUGUSTE BLANQUI,,75013,PARIS,88.10B,O,200054781,A,1985-01-21,32
MAVALEIX SOLAIRE,538160656,668,380,,LE LANGAULT,,41160,SAINT-HILAIRE-LA-GRAVELLE,70.10Z,N,200040772,A,2011-11-22,NN
CAISSE REG CREDIT AGRICOLE MUT CTRE-EST (CRCAMCE),399973825,654,274,1,PIERRE DE TRUCHIS DE LAYS,,69410,CHAMPAGNE-AU-MONT-D OR,64.19Z,O,200046977,A,1995-01-01,42
SUD EST RESTAURATION S E R,390703890,270,245,170,DE LAVY,ZA LAVY,01570,MANZIAT,56.29B,O,200071371,A,2022-01-01,03
LA POSTE,356000000,13095,9065,9,DU COLONEL PIERRE AVIA,DIRECTION GENERALE DE LA POSTE,75015,PARIS,53.10Z,O,200054781,A,2003-01-01,51
CROIX ROUGE FRANCAISE (CRF),775672272,3582,2030,98,DIDOT,SITE CROIX ROUGE,75014,PARIS,88.99B,O,200054781,A,2006-01-25,01
DISTRIBUTION CASINO FRANCE (DCF),428268023,4452,832,1,ANTOINE GUICHARD,,42000,SAINT-ETIENNE,47.11F,O,244200770,A,2007-11-01,42
GROUPAMA RHONE ALPES AUVERGNE,779838366,473,344,50,DE SAINT-CYR,,69009,LYON,65.12Z,O,200046977,A,1900-01-01,41
CAISSE REG CREDIT AGRICOLE MUT CTRE-EST (CRCAMCE),399973825,654,274,1,PIERRE DE TRUCHIS DE LAYS,,69410,CHAMPAGNE-AU-MONT-D OR,64.19Z,O,200046977,A,1995-01-01,42
MILEE (ADREXO ET LAST SMILE PARTNER),315549352,793,243,1330,J R G GAUTIER DE LA LAUZIERE,ZONE INDUSTRIELLE LES MILLES,13080,AIX-EN-PROVENCE,73.11Z,N,200054807,A,2010-06-15,22
COLRUYT RETAIL FRANCE (DATS),789139789,143,114,,,ZONE INDUSTRIELLE,39700,ROCHEFORT-SUR-NENON,46.90Z,O,200010650,A,2012-10-29,32
DEPARTEMENT DE L AIN,220100010,103,90,45,D'ALSACE LORRAINE,,01000,BOURG-EN-BRESSE,84.11Z,O,200071751,A,1983-03-01,42
ROY ENERGIE 2025,939921201,86,81,23,GONDRELIER,,28310,TOURY,35.11Z,N,200070159,A,2025-01-07,NN
KUEHNE+NAGEL,333583466,227,66,,PARC ACTIVIT NID A GRIVE,ZAC DES HAUTS DE FERRIERES,77164,FERRIERES-EN-BRIE,49.41B,O,247700594,A,1998-02-28,32
LA POSTE,356000000,13095,9065,9,DU COLONEL PIERRE AVIA,DIRECTION GENERALE DE LA POSTE,75015,PARIS,53.10Z,O,200054781,A,2003-01-01,51
CROIX ROUGE FRANCAISE (CRF),775672272,3582,2030,98,DIDOT,SITE CROIX ROUGE,75014,PARIS,88.99B,O,200054781,A,2006-01-25,01
"ADECCO FRANCE (ADECCO FRANCE, LHH RECRUITMENT SOLUTIONS, AKKODIS TALENT)",998823504,3211,922,2,HENRI LEGAY,,69100,VILLEURBANNE,78.20Z,N,200046977,A,2016-10-03,31
DISTRIBUTION CASINO FRANCE (DCF),428268023,4452,832,1,ANTOINE GUICHARD,,42000,SAINT-ETIENNE,47.11F,O,244200770,A,2007-11-01,42
RANDSTAD (RANDSTAD INHOUSE),433999356,1964,706,276,DU PRESIDENT WILSON,,93210,SAINT-DENIS,78.20Z,O,200054781,A,2001-03-05,32
SYNERGIE,329925010,912,463,160,DE PARIS,,92100,BOULOGNE BILLANCOURT,78.20Z,N,200054781,A,2022-09-15,NN
SOCIETE COOPERATIVE AGRICOLE ET AGRO-ALIMENTAIRE AGRIAL,428611719,452,380,4,DES ROQUEMONTS,,14000,CAEN,46.33Z,O,200065597,A,2000-01-01,31
SOCIETE NATIONALE SNCF (SNCF),552049447,9179,365,2,AUX ETOILES,,93210,SAINT-DENIS,49.10Z,O,200054781,A,1986-06-23,41
GROUPAMA RHONE ALPES AUVERGNE,779838366,473,344,50,DE SAINT-CYR,,69009,LYON,65.12Z,O,200046977,A,1900-01-01,41
SUEZ EAU FRANCE,410034607,434,299,4,DE LA PYRAMIDE,ALTIPLANO,92800,PUTEAUX,36.00Z,O,200054781,A,2025-01-15,NN
LA POSTE,356000000,13095,9065,9,DU COLONEL PIERRE AVIA,DIRECTION GENERALE DE LA POSTE,75015,PARIS,53.10Z,O,200054781,A,2003-01-01,51
ELECTRICITE DE FRANCE (EDF),552081317,9135,3613,22,DE WAGRAM,22-30,75008,PARIS,35.11Z,O,200054781,A,2006-08-01,NN
ELIOR RESTAURATION FRANCE (ELIOR RESTAURATION ENSEIGNEMENT - ELIOR RESTAURATION SANTE),662025196,7074,2979,51,DES MECHES,,94000,CRETEIL,56.29B,N,200054781,A,2025-04-01,NN
SNCF RESEAU,412280737,2235,2071,15,JEAN-PHILIPPE RAMEAU,15 AU 17,93200,SAINT-DENIS,52.21Z,O,200054781,A,2015-10-01,41
BNP PARIBAS (HELLO BANK!),662042449,3762,2016,16,DES ITALIENS,,75009,PARIS,64.19Z,O,200054781,A,1966-07-01,42
COMPASS GROUP FRANCE,632041042,7197,1770,117,DE LA REPUBLIQUE,117-133,92320,CHATILLON,56.29A,O,200054781,A,2017-01-13,32
CREDIT LYONNAIS (LCL),954509741,3436,1441,18,DE LA REPUBLIQUE,,69002,LYON,64.19Z,O,200046977,A,2001-08-31,41
SOGERES (SOGERES),572102176,2856,1221,6,DE LA REDOUTE,,78280,GUYANCOURT,70.10Z,O,200058782,A,2018-01-01,21
API RESTAURATION,477181010,1321,1171,384,DU GENERAL DE GAULLE,,59370,MONS-EN-BAR�UL,70.10Z,O,200093201,A,2007-02-15,32
ENEDIS,444608442,1576,1149,4,DE LA PYRAMIDE,,92800,PUTEAUX,35.13Z,O,200054781,A,2024-04-01,NN
LA POSTE,356000000,13095,9065,9,DU COLONEL PIERRE AVIA,DIRECTION GENERALE DE LA POSTE,75015,PARIS,53.10Z,O,200054781,A,2003-01-01,51
ELIOR RESTAURATION FRANCE (ELIOR RESTAURATION ENSEIGNEMENT - ELIOR RESTAURATION SANTE),662025196,7074,2979,51,DES MECHES,,94000,CRETEIL,56.29B,N,200054781,A,2025-04-01,NN
CROIX ROUGE FRANCAISE (CRF),775672272,3582,2030,98,DIDOT,SITE CROIX ROUGE,75014,PARIS,88.99B,O,200054781,A,2006-01-25,01
ORANGE,380129866,4451,1867,111,DU PRESIDENT ROOSEVELT,,92130,ISSY-LES-MOULINEAUX,61.10Z,O,200054781,A,2020-06-01,51
COMPASS GROUP FRANCE,632041042,7197,1770,117,DE LA REPUBLIQUE,117-133,92320,CHATILLON,56.29A,O,200054781,A,2017-01-13,32
OGF,542076799,3072,1639,6,DU GENERAL AUDRAN,IMMEUBLE CANOPY,92400,COURBEVOIE,96.03Z,O,200054781,A,2024-07-01,NN
CREDIT LYONNAIS (LCL),954509741,3436,1441,18,DE LA REPUBLIQUE,,69002,LYON,64.19Z,O,200046977,A,2001-08-31,41
LE SOUVENIR FRANCAIS,775676182,1484,1408,20,EUGENE FLACHAT,,75017,PARIS,94.99Z,O,200054781,A,2008-06-27,11
DISTRIBUTION CASINO FRANCE (DCF),428268023,4452,832,1,ANTOINE GUICHARD,,42000,SAINT-ETIENNE,47.11F,O,244200770,A,2007-11-01,42
CSF,440283752,907,660,,DE PARIS,ZI,14120,MONDEVILLE,70.10Z,O,200065597,A,2001-12-19,11
ELIOR RESTAURATION FRANCE (ELIOR RESTAURATION ENSEIGNEMENT - ELIOR RESTAURATION SANTE),662025196,7074,2979,51,DES MECHES,,94000,CRETEIL,56.29B,N,200054781,A,2025-04-01,NN
NWJ MET 3,902890292,999,899,31,BOSQUET,,75007,PARIS,35.11Z,N,200054781,A,2023-09-01,NN
OFFICE CENTRAL COOPERATION A L ECOLE (OCCE 71),328368915,467,464,4,JULES FERRY,ESPACE JEAN ZAY,71100,CHALON-SUR-SAONE,94.99Z,O,247100589,A,2021-04-01,01
CAISSE REG CREDIT AGRICOLE MUT CTRE-EST (CRCAMCE),399973825,654,274,1,PIERRE DE TRUCHIS DE LAYS,,69410,CHAMPAGNE-AU-MONT-D OR,64.19Z,O,200046977,A,1995-01-01,42
NWJ MET 2,911202596,507,274,31,BOSQUET,,75007,PARIS,35.11Z,N,200054781,A,2023-09-01,NN
OXYANE,775596885,160,122,54,MARCEL DASSAULT,PARC EVEREST I,69740,GENAS,46.21Z,N,246900575,A,2023-06-09,21
CAL V,902573237,209,111,87,DE RICHELIEU,,75002,PARIS,35.11Z,N,200054781,A,2025-04-07,NN
ITINOVA,775646615,86,66,129,SERVIENT,TOUR DE LA PART DIEU,69003,LYON,70.10Z,O,200046977,A,2023-09-01,21
ENERFI,850277047,73,65,,BAUDELET,LIEUDIT LES PRAIRIES,59173,BLARINGHEM,71.12B,N,200040947,A,2022-11-22,NN
ELYOR ENERGY SPV1,812941359,191,63,16,DES VERGERS,ZONE D'ACTIVITE DU BOSC,34130,MUDAISON,35.11Z,N,243400470,A,2018-04-12,NN
LA POSTE,356000000,13095,9065,9,DU COLONEL PIERRE AVIA,DIRECTION GENERALE DE LA POSTE,75015,PARIS,53.10Z,O,200054781,A,2003-01-01,51
ELECTRICITE DE FRANCE (EDF),552081317,9135,3613,22,DE WAGRAM,22-30,75008,PARIS,35.11Z,O,200054781,A,2006-08-01,NN
ELIOR RESTAURATION FRANCE (ELIOR RESTAURATION ENSEIGNEMENT - ELIOR RESTAURATION SANTE),662025196,7074,2979,51,DES MECHES,,94000,CRETEIL,56.29B,N,200054781,A,2025-04-01,NN
SOCIETE GENERALE (SG),552120222,4245,2655,29,HAUSSMANN,,75009,PARIS,64.19Z,O,200054781,A,1900-01-01,41
SNCF RESEAU,412280737,2235,2071,15,JEAN-PHILIPPE RAMEAU,15 AU 17,93200,SAINT-DENIS,52.21Z,O,200054781,A,2015-10-01,41
CROIX ROUGE FRANCAISE (CRF),775672272,3582,2030,98,DIDOT,SITE CROIX ROUGE,75014,PARIS,88.99B,O,200054781,A,2006-01-25,01
BNP PARIBAS (HELLO BANK!),662042449,3762,2016,16,DES ITALIENS,,75009,PARIS,64.19Z,O,200054781,A,1966-07-01,42
ORANGE,380129866,4451,1867,111,DU PRESIDENT ROOSEVELT,,92130,ISSY-LES-MOULINEAUX,61.10Z,O,200054781,A,2020-06-01,51
COMPASS GROUP FRANCE,632041042,7197,1770,117,DE LA REPUBLIQUE,117-133,92320,CHATILLON,56.29A,O,200054781,A,2017-01-13,32
LIDL (LIDL),343262622,2720,1691,1,DE HANOVRE,,92290,CHATENAY-MALABRY,70.10Z,O,200054781,A,2024-06-17,NN
LA POSTE,356000000,13095,9065,9,DU COLONEL PIERRE AVIA,DIRECTION GENERALE DE LA POSTE,75015,PARIS,53.10Z,O,200054781,A,2003-01-01,51
ELECTRICITE DE FRANCE (EDF),552081317,9135,3613,22,DE WAGRAM,22-30,75008,PARIS,35.11Z,O,200054781,A,2006-08-01,NN
ELIOR RESTAURATION FRANCE (ELIOR RESTAURATION ENSEIGNEMENT - ELIOR RESTAURATION SANTE),662025196,7074,2979,51,DES MECHES,,94000,CRETEIL,56.29B,N,200054781,A,2025-04-01,NN
SOCIETE GENERALE (SG),552120222,4245,2655,29,HAUSSMANN,,75009,PARIS,64.19Z,O,200054781,A,1900-01-01,41
SNCF RESEAU,412280737,2235,2071,15,JEAN-PHILIPPE RAMEAU,15 AU 17,93200,SAINT-DENIS,52.21Z,O,200054781,A,2015-10-01,41
CROIX ROUGE FRANCAISE (CRF),775672272,3582,2030,98,DIDOT,SITE CROIX ROUGE,75014,PARIS,88.99B,O,200054781,A,2006-01-25,01
BNP PARIBAS (HELLO BANK!),662042449,3762,2016,16,DES ITALIENS,,75009,PARIS,64.19Z,O,200054781,A,1966-07-01,42
ORANGE,380129866,4451,1867,111,DU PRESIDENT ROOSEVELT,,92130,ISSY-LES-MOULINEAUX,61.10Z,O,200054781,A,2020-06-01,51
LIDL (LIDL),343262622,2720,1691,1,DE HANOVRE,,92290,CHATENAY-MALABRY,70.10Z,O,200054781,A,2024-06-17,NN
OGF,542076799,3072,1639,6,DU GENERAL AUDRAN,IMMEUBLE CANOPY,92400,COURBEVOIE,96.03Z,O,200054781,A,2024-07-01,NN
LA POSTE,356000000,13095,9065,9,DU COLONEL PIERRE AVIA,DIRECTION GENERALE DE LA POSTE,75015,PARIS,53.10Z,O,200054781,A,2003-01-01,51
ELECTRICITE DE FRANCE (EDF),552081317,9135,3613,22,DE WAGRAM,22-30,75008,PARIS,35.11Z,O,200054781,A,2006-08-01,NN
SNCF RESEAU,412280737,2235,2071,15,JEAN-PHILIPPE RAMEAU,15 AU 17,93200,SAINT-DENIS,52.21Z,O,200054781,A,2015-10-01,41
BNP PARIBAS (HELLO BANK!),662042449,3762,2016,16,DES ITALIENS,,75009,PARIS,64.19Z,O,200054781,A,1966-07-01,42
API RESTAURATION,477181010,1321,1171,384,DU GENERAL DE GAULLE,,59370,MONS-EN-BAR�UL,70.10Z,O,200093201,A,2007-02-15,32
SODEXO ENTREPRISES,338253230,2822,1072,6,DE LA REDOUTE,,78280,GUYANCOURT,56.29A,O,200058782,A,2009-07-01,31
ENGIE ENERGIE SERVICES (ENGIE E.S.),552046955,1225,920,1,SAMUEL DE CHAMPLAIN,FAUBOURG DE L ARCHE,92400,COURBEVOIE,43.22B,O,200054781,A,2018-07-01,41
NWJ MET 3,902890292,999,899,31,BOSQUET,,75007,PARIS,35.11Z,N,200054781,A,2023-09-01,NN
MANPOWER FRANCE,429955297,1514,543,6,DES DEGRES,TOUR LANDSCAPE,92800,PUTEAUX,78.20Z,N,200054781,A,2023-08-01,41
FIDUCIAL CONSULTING (FIDUCIAL CONSULTING) (FIDINFOR),972200018,1165,533,41,DU CAPITAINE GUYNEMER,,92400,COURBEVOIE,63.11Z,O,200054781,A,2007-04-01,11
LA POSTE,356000000,13095,9065,9,DU COLONEL PIERRE AVIA,DIRECTION GENERALE DE LA POSTE,75015,PARIS,53.10Z,O,200054781,A,2003-01-01,51
ELECTRICITE DE FRANCE (EDF),552081317,9135,3613,22,DE WAGRAM,22-30,75008,PARIS,35.11Z,O,200054781,A,2006-08-01,NN
SOCIETE GENERALE (SG),552120222,4245,2655,29,HAUSSMANN,,75009,PARIS,64.19Z,O,200054781,A,1900-01-01,41
SNCF RESEAU,412280737,2235,2071,15,JEAN-PHILIPPE RAMEAU,15 AU 17,93200,SAINT-DENIS,52.21Z,O,200054781,A,2015-10-01,41
CROIX ROUGE FRANCAISE (CRF),775672272,3582,2030,98,DIDOT,SITE CROIX ROUGE,75014,PARIS,88.99B,O,200054781,A,2006-01-25,01
ORANGE,380129866,4451,1867,111,DU PRESIDENT ROOSEVELT,,92130,ISSY-LES-MOULINEAUX,61.10Z,O,200054781,A,2020-06-01,51
LIDL (LIDL),343262622,2720,1691,1,DE HANOVRE,,92290,CHATENAY-MALABRY,70.10Z,O,200054781,A,2024-06-17,NN
OGF,542076799,3072,1639,6,DU GENERAL AUDRAN,IMMEUBLE CANOPY,92400,COURBEVOIE,96.03Z,O,200054781,A,2024-07-01,NN
SNCF VOYAGEURS,519037584,1493,1487,1,CAMILLE MOKE,,93210,SAINT-DENIS,49.10Z,O,200054781,A,2024-05-01,NN
CREDIT LYONNAIS (LCL),954509741,3436,1441,18,DE LA REPUBLIQUE,,69002,LYON,64.19Z,O,200046977,A,2001-08-31,41
LA POSTE,356000000,13095,9065,9,DU COLONEL PIERRE AVIA,DIRECTION GENERALE DE LA POSTE,75015,PARIS,53.10Z,O,200054781,A,2003-01-01,51
ELECTRICITE DE FRANCE (EDF),552081317,9135,3613,22,DE WAGRAM,22-30,75008,PARIS,35.11Z,O,200054781,A,2006-08-01,NN
ELIOR RESTAURATION FRANCE (ELIOR RESTAURATION ENSEIGNEMENT - ELIOR RESTAURATION SANTE),662025196,7074,2979,51,DES MECHES,,94000,CRETEIL,56.29B,N,200054781,A,2025-04-01,NN
SOCIETE GENERALE (SG),552120222,4245,2655,29,HAUSSMANN,,75009,PARIS,64.19Z,O,200054781,A,1900-01-01,41
CROIX ROUGE FRANCAISE (CRF),775672272,3582,2030,98,DIDOT,SITE CROIX ROUGE,75014,PARIS,88.99B,O,200054781,A,2006-01-25,01
BNP PARIBAS (HELLO BANK!),662042449,3762,2016,16,DES ITALIENS,,75009,PARIS,64.19Z,O,200054781,A,1966-07-01,42
ORANGE,380129866,4451,1867,111,DU PRESIDENT ROOSEVELT,,92130,ISSY-LES-MOULINEAUX,61.10Z,O,200054781,A,2020-06-01,51
COMPASS GROUP FRANCE,632041042,7197,1770,117,DE LA REPUBLIQUE,117-133,92320,CHATILLON,56.29A,O,200054781,A,2017-01-13,32
CREDIT LYONNAIS (LCL),954509741,3436,1441,18,DE LA REPUBLIQUE,,69002,LYON,64.19Z,O,200046977,A,2001-08-31,41
LE SOUVENIR FRANCAIS,775676182,1484,1408,20,EUGENE FLACHAT,,75017,PARIS,94.99Z,O,200054781,A,2008-06-27,11
CAISSE CENTRALE ACTIVITE SOCIALE (CCAS),775694748,969,404,8,DE ROSNY,BP 629,93100,MONTREUIL,94.20Z,O,200054781,A,1993-12-16,31
CERES,934430323,87,86,10,DE VERDUN RAMBAUD,LE COURS DU MIDI,69002,LYON,35.11Z,N,200046977,A,2024-10-15,NN
VVF,775634132,152,81,8,CLAUDE DANZIGER,,63100,CLERMONT-FERRAND,55.20Z,O,246300701,A,2014-10-01,31
FEDER OEUVRES LAIQUES,304476997,11,5,7,JEAN-MARIE VERNE,,01000,BOURG-EN-BRESSE,93.29Z,O,200071751,A,2016-11-14,02
BOULANGERIE MERMILLON (LE P'TIT CHEZERY),500738471,5,3,120,DE CONFORT,,01410,CHEZERY-FORENS,10.71C,O,240100750,A,2008-05-01,01
R-OPTIQUE,809913007,3,3,86,DE BELLEYDOUX,,01130,GIRON,62.02A,O,240100891,A,2015-02-20,01
GILLES CHATRON,399128602,3,3,201,DU CROZAT,LE CRETET,01130,ECHALLON,01.43Z,N,200042935,A,2016-10-31,NN
COMMUNE DE VIRY,213905797,3,3,11,ROUGET DE LISLE,,39360,VIRY,84.11Z,O,200026573,A,1983-03-01,03
FORESTIERE & DEVELOPPEMENT,761200427,4,3,,,MAILLAT,01430,MAILLAT,02.40Z,O,200042935,A,1900-01-01,12
ASS SPORT CULTURE ET ENTRAIDE EQUIPEMENT,345322556,2,2,23,BOURGMAYER,,01000,BOURG-EN-BRESSE,94.99Z,N,200071751,A,1974-08-01,NN
LA POSTE,356000000,13095,9065,9,DU COLONEL PIERRE AVIA,DIRECTION GENERALE DE LA POSTE,75015,PARIS,53.10Z,O,200054781,A,2003-01-01,51
ELIOR RESTAURATION FRANCE (ELIOR RESTAURATION ENSEIGNEMENT - ELIOR RESTAURATION SANTE),662025196,7074,2979,51,DES MECHES,,94000,CRETEIL,56.29B,N,200054781,A,2025-04-01,NN
COMPASS GROUP FRANCE,632041042,7197,1770,117,DE LA REPUBLIQUE,117-133,92320,CHATILLON,56.29A,O,200054781,A,2017-01-13,32
SOCIETE NATIONALE SNCF (SNCF),552049447,9179,365,2,AUX ETOILES,,93210,SAINT-DENIS,49.10Z,O,200054781,A,1986-06-23,41
GROUPAMA RHONE ALPES AUVERGNE,779838366,473,344,50,DE SAINT-CYR,,69009,LYON,65.12Z,O,200046977,A,1900-01-01,41
CAISSE D'EPARGNE ET DE PREVOYANCE DE RHONE ALPES (CERA(CAISSE EPARGNE),384006029,443,280,116,LAFAYETTE,,69003,LYON,64.19Z,O,200046977,A,2015-12-10,41
CAISSE REG CREDIT AGRICOLE MUT CTRE-EST (CRCAMCE),399973825,654,274,1,PIERRE DE TRUCHIS DE LAYS,,69410,CHAMPAGNE-AU-MONT-D OR,64.19Z,O,200046977,A,1995-01-01,42
CAL II,894590942,293,217,87,DE RICHELIEU,,75002,PARIS,35.11Z,N,200054781,A,2025-04-07,NN
ALFA 3A,775544026,255,163,14,AGUETANT,,01500,AMBERIEU-EN-BUGEY,70.10Z,O,240100883,A,2009-01-01,21
OXYANE,775596885,160,122,54,MARCEL DASSAULT,PARC EVEREST I,69740,GENAS,46.21Z,N,246900575,A,2023-06-09,21
LA POSTE,356000000,13095,9065,9,DU COLONEL PIERRE AVIA,DIRECTION GENERALE DE LA POSTE,75015,PARIS,53.10Z,O,200054781,A,2003-01-01,51
DISTRIBUTION CASINO FRANCE (DCF),428268023,4452,832,1,ANTOINE GUICHARD,,42000,SAINT-ETIENNE,47.11F,O,244200770,A,2007-11-01,42
LYONNAISE DE BANQUE (CIC LYONNAISE DE ...),954507976,714,374,8,DE LA REPUBLIQUE,,69001,LYON,64.19Z,O,200046977,A,1900-01-01,32
SOCIETE NATIONALE SNCF (SNCF),552049447,9179,365,2,AUX ETOILES,,93210,SAINT-DENIS,49.10Z,O,200054781,A,1986-06-23,41
CAISSE REG CREDIT AGRICOLE MUT CTRE-EST (CRCAMCE),399973825,654,274,1,PIERRE DE TRUCHIS DE LAYS,,69410,CHAMPAGNE-AU-MONT-D OR,64.19Z,O,200046977,A,1995-01-01,42
IRISOLAR 29,922234208,218,168,1200,OLIVIER PERROY,BAT F,13790,ROUSSET,35.11Z,N,200054807,A,2022-11-25,NN
SLR1,949501142,131,118,17,JOSEPH GILLET,,69004,LYON,35.11Z,N,200046977,A,2023-02-28,NN
DEPARTEMENT DE L AIN,220100010,103,90,45,D'ALSACE LORRAINE,,01000,BOURG-EN-BRESSE,84.11Z,O,200071751,A,1983-03-01,42
CN'AIR,450809835,71,57,2,ANDRE BONIN,,69004,LYON,35.11Z,N,200046977,A,2003-11-04,NN
PRADO EDUCATION,775649742,59,38,200,DU PRADO,,69270,FONTAINES-SAINT-MARTIN,94.99Z,O,200046977,A,1995-01-01,12
LA POSTE,356000000,13095,9065,9,DU COLONEL PIERRE AVIA,DIRECTION GENERALE DE LA POSTE,75015,PARIS,53.10Z,O,200054781,A,2003-01-01,51
SNCF RESEAU,412280737,2235,2071,15,JEAN-PHILIPPE RAMEAU,15 AU 17,93200,SAINT-DENIS,52.21Z,O,200054781,A,2015-10-01,41
OGF,542076799,3072,1639,6,DU GENERAL AUDRAN,IMMEUBLE CANOPY,92400,COURBEVOIE,96.03Z,O,200054781,A,2024-07-01,NN
NWJ MET 3,902890292,999,899,31,BOSQUET,,75007,PARIS,35.11Z,N,200054781,A,2023-09-01,NN
DISTRIBUTION CASINO FRANCE (DCF),428268023,4452,832,1,ANTOINE GUICHARD,,42000,SAINT-ETIENNE,47.11F,O,244200770,A,2007-11-01,42
LYONNAISE DE BANQUE (CIC LYONNAISE DE ...),954507976,714,374,8,DE LA REPUBLIQUE,,69001,LYON,64.19Z,O,200046977,A,1900-01-01,32
SOCIETE NATIONALE SNCF (SNCF),552049447,9179,365,2,AUX ETOILES,,93210,SAINT-DENIS,49.10Z,O,200054781,A,1986-06-23,41
GROUPAMA RHONE ALPES AUVERGNE,779838366,473,344,50,DE SAINT-CYR,,69009,LYON,65.12Z,O,200046977,A,1900-01-01,41
CAISSE REG CREDIT AGRICOLE MUT CTRE-EST (CRCAMCE),399973825,654,274,1,PIERRE DE TRUCHIS DE LAYS,,69410,CHAMPAGNE-AU-MONT-D OR,64.19Z,O,200046977,A,1995-01-01,42
NWJ MET 2,911202596,507,274,31,BOSQUET,,75007,PARIS,35.11Z,N,200054781,A,2023-09-01,NN
IRISOLAR 21,885013383,370,193,1200,OLIVIER PERROY,BAT F,13790,ROUSSET,35.11Z,N,200054807,A,2020-06-26,NN
IRISOLAR 19,881388086,271,185,1200,OLIVIER PERROY,BAT F,13790,ROUSSET,35.11Z,N,200054807,A,2020-09-14,NN
IRISOLAR 32,979253044,188,183,1200,OLIVIER PERROY,,13790,ROUSSET,35.11Z,N,200054807,A,2023-08-08,NN
IRISOLAR 22,890872674,259,109,1200,OLIVIER PERROY,BAT. F,13790,ROUSSET,35.11Z,N,200054807,A,2020-11-03,NN
ROY ENERGIE 2025,939921201,86,81,23,GONDRELIER,,28310,TOURY,35.11Z,N,200070159,A,2025-01-07,NN
SAS ARKOLIA INVEST ELYOR L5,844934422,57,52,16,DES VERGERS,ZA DU BOSC,34130,MUDAISON,35.11Z,N,243400470,A,2018-11-30,NN
DAVAI ENRSPV7,897588612,84,50,77,MARCEL DASSAULT,,92100,BOULOGNE-BILLANCOURT,35.11Z,N,200054781,A,2021-03-22,NN
CEMEX GRANULATS,552005969,119,48,13,DU CAPRICORNE,,94150,RUNGIS,08.12Z,O,200054781,A,2020-04-16,NN
DAVAI ENRSPV5 (DAVAI ENRSPV5),893081489,43,22,77,MARCEL DASSAULT,,92100,BOULOGNE-BILLANCOURT,35.11Z,N,200054781,A,2021-01-04,NN
CEMEX GRANULATS RHONE MEDITERRANEE,712980432,34,20,13,DU CAPRICORNE,,94150,RUNGIS,08.12Z,N,200054781,A,2021-04-16,NN
LA POSTE,356000000,13095,9065,9,DU COLONEL PIERRE AVIA,DIRECTION GENERALE DE LA POSTE,75015,PARIS,53.10Z,O,200054781,A,2003-01-01,51
ELECTRICITE DE FRANCE (EDF),552081317,9135,3613,22,DE WAGRAM,22-30,75008,PARIS,35.11Z,O,200054781,A,2006-08-01,NN
ELIOR RESTAURATION FRANCE (ELIOR RESTAURATION ENSEIGNEMENT - ELIOR RESTAURATION SANTE),662025196,7074,2979,51,DES MECHES,,94000,CRETEIL,56.29B,N,200054781,A,2025-04-01,NN
SOCIETE GENERALE (SG),552120222,4245,2655,29,HAUSSMANN,,75009,PARIS,64.19Z,O,200054781,A,1900-01-01,41
SNCF RESEAU,412280737,2235,2071,15,JEAN-PHILIPPE RAMEAU,15 AU 17,93200,SAINT-DENIS,52.21Z,O,200054781,A,2015-10-01,41
CROIX ROUGE FRANCAISE (CRF),775672272,3582,2030,98,DIDOT,SITE CROIX ROUGE,75014,PARIS,88.99B,O,200054781,A,2006-01-25,01
BNP PARIBAS (HELLO BANK!),662042449,3762,2016,16,DES ITALIENS,,75009,PARIS,64.19Z,O,200054781,A,1966-07-01,42
ORANGE,380129866,4451,1867,111,DU PRESIDENT ROOSEVELT,,92130,ISSY-LES-MOULINEAUX,61.10Z,O,200054781,A,2020-06-01,51
COMPASS GROUP FRANCE,632041042,7197,1770,117,DE LA REPUBLIQUE,117-133,92320,CHATILLON,56.29A,O,200054781,A,2017-01-13,32
LIDL (LIDL),343262622,2720,1691,1,DE HANOVRE,,92290,CHATENAY-MALABRY,70.10Z,O,200054781,A,2024-06-17,NN
RANDSTAD (RANDSTAD INHOUSE),433999356,1964,706,276,DU PRESIDENT WILSON,,93210,SAINT-DENIS,78.20Z,O,200054781,A,2001-03-05,32
KLARA,897492294,577,577,34,DES CHAMPS ELYSEES,,75008,PARIS,35.11Z,N,200054781,A,2021-03-01,NN
SOCIETE FRANCAISE DE RESTAURATION ET SERVICES (SODEXO ECOLES & UNIVERSITES DEL APPRO LES PETITS GASTRONOMES SODEXO ENSEIGNEMENT SUPERIEUR) (SFRS),338253131,1451,514,6,DE LA REDOUTE,,78280,GUYANCOURT,56.29A,O,200058782,A,2009-07-01,22
NEWREST RESTAURATION,351442082,821,500,8,HENRY POTEZ,,31700,BLAGNAC,56.29B,N,243100518,A,2023-03-01,NN
MAVALEIX SOLAIRE,538160656,668,380,,LE LANGAULT,,41160,SAINT-HILAIRE-LA-GRAVELLE,70.10Z,N,200040772,A,2011-11-22,NN
PICOTIE SOLAIRE,538160615,622,379,,LE LANGAULT,,41160,SAINT-HILAIRE-LA-GRAVELLE,35.11Z,N,200040772,A,2011-11-22,NN
CAISSE REG CREDIT AGRICOLE MUT CTRE-EST (CRCAMCE),399973825,654,274,1,PIERRE DE TRUCHIS DE LAYS,,69410,CHAMPAGNE-AU-MONT-D OR,64.19Z,O,200046977,A,1995-01-01,42
SUD EST RESTAURATION S E R,390703890,270,245,170,DE LAVY,ZA LAVY,01570,MANZIAT,56.29B,O,200071371,A,2022-01-01,03
IRISOLAR 31,922618335,292,232,1200,OLIVIER PERROY,BAT F,13790,ROUSSET,35.11Z,N,200054807,A,2022-11-25,NN
IRISOLAR 27,911666790,206,185,1200,OLIVIER PERROY,BAT F,13790,ROUSSET,43.21A,N,200054807,A,2022-03-14,NN
LA POSTE,356000000,13095,9065,9,DU COLONEL PIERRE AVIA,DIRECTION GENERALE DE LA POSTE,75015,PARIS,53.10Z,O,200054781,A,2003-01-01,51
ELECTRICITE DE FRANCE (EDF),552081317,9135,3613,22,DE WAGRAM,22-30,75008,PARIS,35.11Z,O,200054781,A,2006-08-01,NN
ELIOR RESTAURATION FRANCE (ELIOR RESTAURATION ENSEIGNEMENT - ELIOR RESTAURATION SANTE),662025196,7074,2979,51,DES MECHES,,94000,CRETEIL,56.29B,N,200054781,A,2025-04-01,NN
SOCIETE GENERALE (SG),552120222,4245,2655,29,HAUSSMANN,,75009,PARIS,64.19Z,O,200054781,A,1900-01-01,41
SNCF RESEAU,412280737,2235,2071,15,JEAN-PHILIPPE RAMEAU,15 AU 17,93200,SAINT-DENIS,52.21Z,O,200054781,A,2015-10-01,41
CROIX ROUGE FRANCAISE (CRF),775672272,3582,2030,98,DIDOT,SITE CROIX ROUGE,75014,PARIS,88.99B,O,200054781,A,2006-01-25,01
BNP PARIBAS (HELLO BANK!),662042449,3762,2016,16,DES ITALIENS,,75009,PARIS,64.19Z,O,200054781,A,1966-07-01,42
COMPASS GROUP FRANCE,632041042,7197,1770,117,DE LA REPUBLIQUE,117-133,92320,CHATILLON,56.29A,O,200054781,A,2017-01-13,32
LIDL (LIDL),343262622,2720,1691,1,DE HANOVRE,,92290,CHATENAY-MALABRY,70.10Z,O,200054781,A,2024-06-17,NN
CREDIT LYONNAIS (LCL),954509741,3436,1441,18,DE LA REPUBLIQUE,,69002,LYON,64.19Z,O,200046977,A,2001-08-31,41
LA POSTE,356000000,13095,9065,9,DU COLONEL PIERRE AVIA,DIRECTION GENERALE DE LA POSTE,75015,PARIS,53.10Z,O,200054781,A,2003-01-01,51
ELECTRICITE DE FRANCE (EDF),552081317,9135,3613,22,DE WAGRAM,22-30,75008,PARIS,35.11Z,O,200054781,A,2006-08-01,NN
ORANGE,380129866,4451,1867,111,DU PRESIDENT ROOSEVELT,,92130,ISSY-LES-MOULINEAUX,61.10Z,O,200054781,A,2020-06-01,51
INDIGO PARK,320229644,652,445,48,DU GENERAL DE GAULLE,48-50,92800,PUTEAUX,52.21Z,N,200054781,A,2024-07-01,NN
SUD EST RESTAURATION S E R,390703890,270,245,170,DE LAVY,ZA LAVY,01570,MANZIAT,56.29B,O,200071371,A,2022-01-01,03
RTE RESEAU DE TRANSPORT D ELECTRICITE,444619258,261,213,7,DU DOME,IMMEUBLE WINDOW,92800,PUTEAUX,35.12Z,O,200054781,A,2018-09-03,51
NEXSTONE,537433187,215,190,1,DU COLONEL PIERRE AVIA,,75015,PARIS,08.12Z,N,200054781,A,2024-09-01,NN
ALFA 3A,775544026,255,163,14,AGUETANT,,01500,AMBERIEU-EN-BUGEY,70.10Z,O,240100883,A,2009-01-01,21
SLR1,949501142,131,118,17,JOSEPH GILLET,,69004,LYON,35.11Z,N,200046977,A,2023-02-28,NN
ORSAC (ORSAC),775544562,176,100,,DE LA FONTAINE D'ORCET,CENTRE MEDICAL,01110,PLATEAU D'HAUTEVILLE,86.10Z,O,200042935,A,1900-01-01,32
SOCIETE NATIONALE SNCF (SNCF),552049447,9179,365,2,AUX ETOILES,,93210,SAINT-DENIS,49.10Z,O,200054781,A,1986-06-23,41
LABENNE ROUGIER SA,459201687,23,10,,ZI CHANTELOISEAU,,33140,VILLENAVE D ORNON,68.20B,N,243300316,A,1900-01-01,02
COMMUNE DE VILLARS-LES-DOMBES,210104436,11,8,15,DE L'HOTEL DE VILLE,,01330,VILLARS-LES-DOMBES,84.11Z,O,200069193,A,1983-03-01,21
M.C.F.,391855780,15,7,30,DES EPOUX CONTOUX,,03400,YZEURE,47.52A,O,200071140,A,2007-03-01,12
ASSOCIATION TREMPLIN,343278982,14,5,623,D'ETERNAZ,,01000,BOURG-EN-BRESSE,87.90B,O,200071751,A,2011-05-13,32
COMMUNE DE SAINT-MARCEL,210103719,6,5,74,DE LYON,,01390,SAINT-MARCEL,84.11Z,O,200069193,A,1983-03-01,11
GREGORY GARCIA,525252193,5,4,,BAS MONTAGNEUX,,01990,SAINT-TRIVIER-SUR-MOIGNANS,43.21A,N,200069193,A,2019-06-26,NN
COMMUNE DE LAPEYROUSE,210102075,5,4,17,DE LA DOMBES,HOTEL DE VILLE,01330,LAPEYROUSE,84.11Z,O,200069193,A,1983-03-01,02
RHONASOUD,325080240,6,4,26,DESCARTES,26 ET 38,69100,VILLEURBANNE,77.39Z,N,200046977,A,1999-03-31,NN
STEPHANE JOUANNE,510657638,6,4,327,DES BRUYERES,,01120,MONTLUEL,74.90B,N,240100610,A,2022-09-30,NN
LA POSTE,356000000,13095,9065,9,DU COLONEL PIERRE AVIA,DIRECTION GENERALE DE LA POSTE,75015,PARIS,53.10Z,O,200054781,A,2003-01-01,51
SNCF RESEAU,412280737,2235,2071,15,JEAN-PHILIPPE RAMEAU,15 AU 17,93200,SAINT-DENIS,52.21Z,O,200054781,A,2015-10-01,41
CROIX ROUGE FRANCAISE (CRF),775672272,3582,2030,98,DIDOT,SITE CROIX ROUGE,75014,PARIS,88.99B,O,200054781,A,2006-01-25,01
OGF,542076799,3072,1639,6,DU GENERAL AUDRAN,IMMEUBLE CANOPY,92400,COURBEVOIE,96.03Z,O,200054781,A,2024-07-01,NN
DISTRIBUTION CASINO FRANCE (DCF),428268023,4452,832,1,ANTOINE GUICHARD,,42000,SAINT-ETIENNE,47.11F,O,244200770,A,2007-11-01,42
CSF,440283752,907,660,,DE PARIS,ZI,14120,MONDEVILLE,70.10Z,O,200065597,A,2001-12-19,11
KLARA,897492294,577,577,34,DES CHAMPS ELYSEES,,75008,PARIS,35.11Z,N,200054781,A,2021-03-01,NN
NEWREST RESTAURATION,351442082,821,500,8,HENRY POTEZ,,31700,BLAGNAC,56.29B,N,243100518,A,2023-03-01,NN
LYONNAISE DE BANQUE (CIC LYONNAISE DE ...),954507976,714,374,8,DE LA REPUBLIQUE,,69001,LYON,64.19Z,O,200046977,A,1900-01-01,32
SOCIETE NATIONALE SNCF (SNCF),552049447,9179,365,2,AUX ETOILES,,93210,SAINT-DENIS,49.10Z,O,200054781,A,1986-06-23,41
ELECTRICITE DE FRANCE (EDF),552081317,9135,3613,22,DE WAGRAM,22-30,75008,PARIS,35.11Z,O,200054781,A,2006-08-01,NN
ELIOR RESTAURATION FRANCE (ELIOR RESTAURATION ENSEIGNEMENT - ELIOR RESTAURATION SANTE),662025196,7074,2979,51,DES MECHES,,94000,CRETEIL,56.29B,N,200054781,A,2025-04-01,NN
COMPASS GROUP FRANCE,632041042,7197,1770,117,DE LA REPUBLIQUE,117-133,92320,CHATILLON,56.29A,O,200054781,A,2017-01-13,32
OGF,542076799,3072,1639,6,DU GENERAL AUDRAN,IMMEUBLE CANOPY,92400,COURBEVOIE,96.03Z,O,200054781,A,2024-07-01,NN
API RESTAURATION,477181010,1321,1171,384,DU GENERAL DE GAULLE,,59370,MONS-EN-BAR�UL,70.10Z,O,200093201,A,2007-02-15,32
SODEXO ENTREPRISES,338253230,2822,1072,6,DE LA REDOUTE,,78280,GUYANCOURT,56.29A,O,200058782,A,2009-07-01,31
"ADECCO FRANCE (ADECCO FRANCE, LHH RECRUITMENT SOLUTIONS, AKKODIS TALENT)",998823504,3211,922,2,HENRI LEGAY,,69100,VILLEURBANNE,78.20Z,N,200046977,A,2016-10-03,31
NWJ MET 3,902890292,999,899,31,BOSQUET,,75007,PARIS,35.11Z,N,200054781,A,2023-09-01,NN
RANDSTAD (RANDSTAD INHOUSE),433999356,1964,706,276,DU PRESIDENT WILSON,,93210,SAINT-DENIS,78.20Z,O,200054781,A,2001-03-05,32
MANPOWER FRANCE,429955297,1514,543,6,DES DEGRES,TOUR LANDSCAPE,92800,PUTEAUX,78.20Z,N,200054781,A,2023-08-01,41
LA POSTE,356000000,13095,9065,9,DU COLONEL PIERRE AVIA,DIRECTION GENERALE DE LA POSTE,75015,PARIS,53.10Z,O,200054781,A,2003-01-01,51
ELECTRICITE DE FRANCE (EDF),552081317,9135,3613,22,DE WAGRAM,22-30,75008,PARIS,35.11Z,O,200054781,A,2006-08-01,NN
ELIOR RESTAURATION FRANCE (ELIOR RESTAURATION ENSEIGNEMENT - ELIOR RESTAURATION SANTE),662025196,7074,2979,51,DES MECHES,,94000,CRETEIL,56.29B,N,200054781,A,2025-04-01,NN
SNCF RESEAU,412280737,2235,2071,15,JEAN-PHILIPPE RAMEAU,15 AU 17,93200,SAINT-DENIS,52.21Z,O,200054781,A,2015-10-01,41
CROIX ROUGE FRANCAISE (CRF),775672272,3582,2030,98,DIDOT,SITE CROIX ROUGE,75014,PARIS,88.99B,O,200054781,A,2006-01-25,01
COMPASS GROUP FRANCE,632041042,7197,1770,117,DE LA REPUBLIQUE,117-133,92320,CHATILLON,56.29A,O,200054781,A,2017-01-13,32
LIDL (LIDL),343262622,2720,1691,1,DE HANOVRE,,92290,CHATENAY-MALABRY,70.10Z,O,200054781,A,2024-06-17,NN
CREDIT LYONNAIS (LCL),954509741,3436,1441,18,DE LA REPUBLIQUE,,69002,LYON,64.19Z,O,200046977,A,2001-08-31,41
CARREFOUR PROXIMITE FRANCE,345130488,2921,1399,,DE PARIS,ZI,14120,MONDEVILLE,68.20B,N,200065597,A,1988-06-02,03
SOGERES (SOGERES),572102176,2856,1221,6,DE LA REDOUTE,,78280,GUYANCOURT,70.10Z,O,200058782,A,2018-01-01,21
SUD EST RESTAURATION S E R,390703890,270,245,170,DE LAVY,ZA LAVY,01570,MANZIAT,56.29B,O,200071371,A,2022-01-01,03
IRISOLAR 33,983998899,150,148,,OLIVIER PERROY,BAT F,13790,ROUSSET,35.11Z,N,200054807,A,2024-01-10,NN
ROY ENERGIE 2025,939921201,86,81,23,GONDRELIER,,28310,TOURY,35.11Z,N,200070159,A,2025-01-07,NN
DAVAI ENRSPV7,897588612,84,50,77,MARCEL DASSAULT,,92100,BOULOGNE-BILLANCOURT,35.11Z,N,200054781,A,2021-03-22,NN
GIRARDON MATERIAUX (GIRARDON MATERIAUX),419893235,23,20,10,IRENE JOLIOT CURIE,,69800,SAINT-PRIEST,46.73A,O,200046977,A,2012-01-02,12
GIRASPV18,932380413,12,12,77,MARCEL DASSAULT,,92100,BOULOGNE-BILLANCOURT,35.11Z,N,200054781,A,2024-08-27,NN
COMMUNE DE BAGE-DOMMARTIN,200077220,7,6,130,DE LA MAIRIE,,01380,BAGE-DOMMARTIN,84.11Z,O,200071371,A,2018-01-01,12
COMMUNE DE CHEVROUX,210101028,8,5,25,DE PONT DE VAUX,,01190,CHEVROUX,84.11Z,O,200071371,A,1983-03-01,03
BEREZIAT,765200357,5,5,104,DES ESSARDS,,71000,MACON,68.20B,N,200070308,A,1980-12-01,NN
BERNARD MATERIELS AGRICOLES,332073022,4,4,723,DE L'INDUSTRIE,,01120,DAGNEUX,46.61Z,O,240100610,A,1990-10-01,12
LA POSTE,356000000,13095,9065,9,DU COLONEL PIERRE AVIA,DIRECTION GENERALE DE LA POSTE,75015,PARIS,53.10Z,O,200054781,A,2003-01-01,51
ELECTRICITE DE FRANCE (EDF),552081317,9135,3613,22,DE WAGRAM,22-30,75008,PARIS,35.11Z,O,200054781,A,2006-08-01,NN
CAP SUD FRANCE,531757029,626,515,85,CONDORCET,,38090,VAULX-MILIEU,43.22B,N,243800604,A,2015-08-06,NN
COLAS FRANCE,329338883,557,427,1,DU COLONEL PIERRE AVIA,,75015,PARIS,42.11Z,N,200054781,A,2020-08-01,21
MAVALEIX SOLAIRE,538160656,668,380,,LE LANGAULT,,41160,SAINT-HILAIRE-LA-GRAVELLE,70.10Z,N,200040772,A,2011-11-22,NN
SOCIETE NATIONALE SNCF (SNCF),552049447,9179,365,2,AUX ETOILES,,93210,SAINT-DENIS,49.10Z,O,200054781,A,1986-06-23,41
T.D-DISTRIBUTION THEVENIN-DUCROT-DISTRIBUTION (AVIA),352860639,435,284,7,DU POINT DU JOUR,,21800,CHEVIGNY-SAINT-SAUVEUR,47.78B,O,242100410,A,2001-11-01,12
RTE RESEAU DE TRANSPORT D ELECTRICITE,444619258,261,213,7,DU DOME,IMMEUBLE WINDOW,92800,PUTEAUX,35.12Z,O,200054781,A,2018-09-03,51
OTS T1,910546472,212,197,17,GEORGES BIZET,,75016,PARIS,35.11Z,N,200054781,A,2022-02-15,NN
BUDAPEST BY CAP SUD,831072616,177,175,63,DU MORELLON,,38070,SAINT-QUENTIN-FALLAVIER,71.12B,N,243800604,A,2021-09-30,NN
LA POSTE,356000000,13095,9065,9,DU COLONEL PIERRE AVIA,DIRECTION GENERALE DE LA POSTE,75015,PARIS,53.10Z,O,200054781,A,2003-01-01,51
ELIOR RESTAURATION FRANCE (ELIOR RESTAURATION ENSEIGNEMENT - ELIOR RESTAURATION SANTE),662025196,7074,2979,51,DES MECHES,,94000,CRETEIL,56.29B,N,200054781,A,2025-04-01,NN
SNCF RESEAU,412280737,2235,2071,15,JEAN-PHILIPPE RAMEAU,15 AU 17,93200,SAINT-DENIS,52.21Z,O,200054781,A,2015-10-01,41
CROIX ROUGE FRANCAISE (CRF),775672272,3582,2030,98,DIDOT,SITE CROIX ROUGE,75014,PARIS,88.99B,O,200054781,A,2006-01-25,01
COMPASS GROUP FRANCE,632041042,7197,1770,117,DE LA REPUBLIQUE,117-133,92320,CHATILLON,56.29A,O,200054781,A,2017-01-13,32
OGF,542076799,3072,1639,6,DU GENERAL AUDRAN,IMMEUBLE CANOPY,92400,COURBEVOIE,96.03Z,O,200054781,A,2024-07-01,NN
SNCF VOYAGEURS,519037584,1493,1487,1,CAMILLE MOKE,,93210,SAINT-DENIS,49.10Z,O,200054781,A,2024-05-01,NN
LE SOUVENIR FRANCAIS,775676182,1484,1408,20,EUGENE FLACHAT,,75017,PARIS,94.99Z,O,200054781,A,2008-06-27,11
AMPLIFON FRANCE (CCAW),318083110,1259,871,9,ROMAIN ROLLAND,,75014,PARIS,47.74Z,N,200054781,A,2023-03-29,21
DISTRIBUTION CASINO FRANCE (DCF),428268023,4452,832,1,ANTOINE GUICHARD,,42000,SAINT-ETIENNE,47.11F,O,244200770,A,2007-11-01,42
LA POSTE,356000000,13095,9065,9,DU COLONEL PIERRE AVIA,DIRECTION GENERALE DE LA POSTE,75015,PARIS,53.10Z,O,200054781,A,2003-01-01,51
ELECTRICITE DE FRANCE (EDF),552081317,9135,3613,22,DE WAGRAM,22-30,75008,PARIS,35.11Z,O,200054781,A,2006-08-01,NN
ELIOR RESTAURATION FRANCE (ELIOR RESTAURATION ENSEIGNEMENT - ELIOR RESTAURATION SANTE),662025196,7074,2979,51,DES MECHES,,94000,CRETEIL,56.29B,N,200054781,A,2025-04-01,NN
SOCIETE GENERALE (SG),552120222,4245,2655,29,HAUSSMANN,,75009,PARIS,64.19Z,O,200054781,A,1900-01-01,41
SNCF RESEAU,412280737,2235,2071,15,JEAN-PHILIPPE RAMEAU,15 AU 17,93200,SAINT-DENIS,52.21Z,O,200054781,A,2015-10-01,41
CROIX ROUGE FRANCAISE (CRF),775672272,3582,2030,98,DIDOT,SITE CROIX ROUGE,75014,PARIS,88.99B,O,200054781,A,2006-01-25,01
BNP PARIBAS (HELLO BANK!),662042449,3762,2016,16,DES ITALIENS,,75009,PARIS,64.19Z,O,200054781,A,1966-07-01,42
ORANGE,380129866,4451,1867,111,DU PRESIDENT ROOSEVELT,,92130,ISSY-LES-MOULINEAUX,61.10Z,O,200054781,A,2020-06-01,51
COMPASS GROUP FRANCE,632041042,7197,1770,117,DE LA REPUBLIQUE,117-133,92320,CHATILLON,56.29A,O,200054781,A,2017-01-13,32
LIDL (LIDL),343262622,2720,1691,1,DE HANOVRE,,92290,CHATENAY-MALABRY,70.10Z,O,200054781,A,2024-06-17,NN
LA POSTE,356000000,13095,9065,9,DU COLONEL PIERRE AVIA,DIRECTION GENERALE DE LA POSTE,75015,PARIS,53.10Z,O,200054781,A,2003-01-01,51
ELECTRICITE DE FRANCE (EDF),552081317,9135,3613,22,DE WAGRAM,22-30,75008,PARIS,35.11Z,O,200054781,A,2006-08-01,NN
SOCIETE GENERALE (SG),552120222,4245,2655,29,HAUSSMANN,,75009,PARIS,64.19Z,O,200054781,A,1900-01-01,41
SNCF RESEAU,412280737,2235,2071,15,JEAN-PHILIPPE RAMEAU,15 AU 17,93200,SAINT-DENIS,52.21Z,O,200054781,A,2015-10-01,41
BNP PARIBAS (HELLO BANK!),662042449,3762,2016,16,DES ITALIENS,,75009,PARIS,64.19Z,O,200054781,A,1966-07-01,42
OGF,542076799,3072,1639,6,DU GENERAL AUDRAN,IMMEUBLE CANOPY,92400,COURBEVOIE,96.03Z,O,200054781,A,2024-07-01,NN
SNCF VOYAGEURS,519037584,1493,1487,1,CAMILLE MOKE,,93210,SAINT-DENIS,49.10Z,O,200054781,A,2024-05-01,NN
CREDIT LYONNAIS (LCL),954509741,3436,1441,18,DE LA REPUBLIQUE,,69002,LYON,64.19Z,O,200046977,A,2001-08-31,41
LE SOUVENIR FRANCAIS,775676182,1484,1408,20,EUGENE FLACHAT,,75017,PARIS,94.99Z,O,200054781,A,2008-06-27,11
FRANCE TRAVAIL,130005481,2708,1075,1,DU DOCTEUR GLEY,LE CINETIC 1 A 5,75020,PARIS,84.13Z,O,200054781,A,2008-12-19,41
LA POSTE,356000000,13095,9065,9,DU COLONEL PIERRE AVIA,DIRECTION GENERALE DE LA POSTE,75015,PARIS,53.10Z,O,200054781,A,2003-01-01,51
DISTRIBUTION CASINO FRANCE (DCF),428268023,4452,832,1,ANTOINE GUICHARD,,42000,SAINT-ETIENNE,47.11F,O,244200770,A,2007-11-01,42
NWJ MET,843082389,405,397,31,BOSQUET,,75007,PARIS,35.11Z,N,200054781,A,2023-09-01,NN
NWIE MET,898270251,470,379,31,BOSQUET,,75007,PARIS,52.21Z,N,200054781,A,2023-09-01,NN
PV PROD 2,881291959,367,348,4,ZA LE MOULINS,,04220,CORBIERES-EN-PROVENCE,35.11Z,N,200034700,A,2022-06-07,NN
GROUPAMA RHONE ALPES AUVERGNE,779838366,473,344,50,DE SAINT-CYR,,69009,LYON,65.12Z,O,200046977,A,1900-01-01,41
CAISSE REG CREDIT AGRICOLE MUT CTRE-EST (CRCAMCE),399973825,654,274,1,PIERRE DE TRUCHIS DE LAYS,,69410,CHAMPAGNE-AU-MONT-D OR,64.19Z,O,200046977,A,1995-01-01,42
TECHNIQUE SOLAIRE INVEST 49 (TSI 49),884960477,150,144,26,ANNET SEGERON,,86580,BIARD,35.11Z,N,200069854,A,2020-06-19,NN
ARKOLIA INVEST 121,921515391,109,71,16,DES VERGERS,ZONE D ACTIVITES DU BOSC,34130,MUDAISON,35.11Z,N,243400470,A,2022-10-26,NN
ITINOVA,775646615,86,66,129,SERVIENT,TOUR DE LA PART DIEU,69003,LYON,70.10Z,O,200046977,A,2023-09-01,21
LA POSTE,356000000,13095,9065,9,DU COLONEL PIERRE AVIA,DIRECTION GENERALE DE LA POSTE,75015,PARIS,53.10Z,O,200054781,A,2003-01-01,51
SNCF RESEAU,412280737,2235,2071,15,JEAN-PHILIPPE RAMEAU,15 AU 17,93200,SAINT-DENIS,52.21Z,O,200054781,A,2015-10-01,41
CROIX ROUGE FRANCAISE (CRF),775672272,3582,2030,98,DIDOT,SITE CROIX ROUGE,75014,PARIS,88.99B,O,200054781,A,2006-01-25,01
OGF,542076799,3072,1639,6,DU GENERAL AUDRAN,IMMEUBLE CANOPY,92400,COURBEVOIE,96.03Z,O,200054781,A,2024-07-01,NN
CARREFOUR PROXIMITE FRANCE,345130488,2921,1399,,DE PARIS,ZI,14120,MONDEVILLE,68.20B,N,200065597,A,1988-06-02,03
OBOL FRANCE 3,828160069,1130,1128,6,DU GENERAL AUDRAN,IMMEUBLE CANOPY,92400,COURBEVOIE,70.22Z,O,200054781,A,2024-07-01,NN
"LAGARDERE TRAVEL RETAIL FRANCE (COFEC - RELAY, RELAY STORE, RELAY SHOP, RELAY WEB, RELAY INTERNATIONAL)",542095336,1809,932,4,ANDRE MALRAUX,4-10 IMMEUBLE OCTANT,92300,LEVALLOIS-PERRET,70.10Z,O,200054781,A,2020-05-29,32
NWJ MET 3,902890292,999,899,31,BOSQUET,,75007,PARIS,35.11Z,N,200054781,A,2023-09-01,NN
RANDSTAD (RANDSTAD INHOUSE),433999356,1964,706,276,DU PRESIDENT WILSON,,93210,SAINT-DENIS,78.20Z,O,200054781,A,2001-03-05,32
FIDUCIAL CONSULTING (FIDUCIAL CONSULTING) (FIDINFOR),972200018,1165,533,41,DU CAPITAINE GUYNEMER,,92400,COURBEVOIE,63.11Z,O,200054781,A,2007-04-01,11
LA POSTE,356000000,13095,9065,9,DU COLONEL PIERRE AVIA,DIRECTION GENERALE DE LA POSTE,75015,PARIS,53.10Z,O,200054781,A,2003-01-01,51
ELECTRICITE DE FRANCE (EDF),552081317,9135,3613,22,DE WAGRAM,22-30,75008,PARIS,35.11Z,O,200054781,A,2006-08-01,NN
ELIOR RESTAURATION FRANCE (ELIOR RESTAURATION ENSEIGNEMENT - ELIOR RESTAURATION SANTE),662025196,7074,2979,51,DES MECHES,,94000,CRETEIL,56.29B,N,200054781,A,2025-04-01,NN
BNP PARIBAS (HELLO BANK!),662042449,3762,2016,16,DES ITALIENS,,75009,PARIS,64.19Z,O,200054781,A,1966-07-01,42
COMPASS GROUP FRANCE,632041042,7197,1770,117,DE LA REPUBLIQUE,117-133,92320,CHATILLON,56.29A,O,200054781,A,2017-01-13,32
NWJ MET 3,902890292,999,899,31,BOSQUET,,75007,PARIS,35.11Z,N,200054781,A,2023-09-01,NN
AMPLIFON FRANCE (CCAW),318083110,1259,871,9,ROMAIN ROLLAND,,75014,PARIS,47.74Z,N,200054781,A,2023-03-29,21
DISTRIBUTION CASINO FRANCE (DCF),428268023,4452,832,1,ANTOINE GUICHARD,,42000,SAINT-ETIENNE,47.11F,O,244200770,A,2007-11-01,42
RANDSTAD (RANDSTAD INHOUSE),433999356,1964,706,276,DU PRESIDENT WILSON,,93210,SAINT-DENIS,78.20Z,O,200054781,A,2001-03-05,32
NWIE MET,898270251,470,379,31,BOSQUET,,75007,PARIS,52.21Z,N,200054781,A,2023-09-01,NN
OFFICE FRANCAIS DE LA BIODIVERSITE (OFB),130025919,331,245,12,LOUIS LUMIERE,,94300,VINCENNES,84.13Z,O,200054781,A,2020-01-01,02
SUD EST RESTAURATION S E R,390703890,270,245,170,DE LAVY,ZA LAVY,01570,MANZIAT,56.29B,O,200071371,A,2022-01-01,03
IRISOLAR 26,910685528,195,163,1200,OLIVIER PERROY,,13790,ROUSSET,35.11Z,N,200054807,A,2022-02-21,NN
IRISOLAR 28,911666824,174,142,1200,OLIVIER PERROY,BAT F,13790,ROUSSET,35.11Z,N,200054807,A,2022-03-14,NN
ELYOR ENERGY SPV3,812941458,196,61,16,DES VERGERS,ZONE D ACTIVITES DU BOSC,34130,MUDAISON,35.11Z,N,243400470,A,2018-04-12,NN
COMMUNE D OUTRIAZ,210102828,8,5,4,DE L'ARBEPIN,,01430,OUTRIAZ,84.11Z,O,200042935,A,1983-03-01,02
COMMUNE DE BRENOD,210100608,8,4,125,PRINCIPALE,,01110,BRENOD,84.11Z,O,200042935,A,1983-03-01,03
COMMUNE DE CHEVILLARD,210101010,5,3,,,HOTEL DE VILLE,01430,CHEVILLARD,84.11Z,O,200042935,A,1983-03-01,01
MARC GENTELET,378800478,2,2,,EN BUIRAND,,01110,BRENOD,55.20Z,N,200042935,A,2001-06-01,NN
SCI DU PONTET,445221047,2,2,,LES LAZINES,,01110,BRENOD,68.20B,N,200042935,A,2007-07-23,NN
LA POSTE,356000000,13095,9065,9,DU COLONEL PIERRE AVIA,DIRECTION GENERALE DE LA POSTE,75015,PARIS,53.10Z,O,200054781,A,2003-01-01,51
ELECTRICITE DE FRANCE (EDF),552081317,9135,3613,22,DE WAGRAM,22-30,75008,PARIS,35.11Z,O,200054781,A,2006-08-01,NN
ELIOR RESTAURATION FRANCE (ELIOR RESTAURATION ENSEIGNEMENT - ELIOR RESTAURATION SANTE),662025196,7074,2979,51,DES MECHES,,94000,CRETEIL,56.29B,N,200054781,A,2025-04-01,NN
SOCIETE GENERALE (SG),552120222,4245,2655,29,HAUSSMANN,,75009,PARIS,64.19Z,O,200054781,A,1900-01-01,41
CROIX ROUGE FRANCAISE (CRF),775672272,3582,2030,98,DIDOT,SITE CROIX ROUGE,75014,PARIS,88.99B,O,200054781,A,2006-01-25,01
BNP PARIBAS (HELLO BANK!),662042449,3762,2016,16,DES ITALIENS,,75009,PARIS,64.19Z,O,200054781,A,1966-07-01,42
ORANGE,380129866,4451,1867,111,DU PRESIDENT ROOSEVELT,,92130,ISSY-LES-MOULINEAUX,61.10Z,O,200054781,A,2020-06-01,51
COMPASS GROUP FRANCE,632041042,7197,1770,117,DE LA REPUBLIQUE,117-133,92320,CHATILLON,56.29A,O,200054781,A,2017-01-13,32
CREDIT LYONNAIS (LCL),954509741,3436,1441,18,DE LA REPUBLIQUE,,69002,LYON,64.19Z,O,200046977,A,2001-08-31,41
LE SOUVENIR FRANCAIS,775676182,1484,1408,20,EUGENE FLACHAT,,75017,PARIS,94.99Z,O,200054781,A,2008-06-27,11
LA POSTE,356000000,13095,9065,9,DU COLONEL PIERRE AVIA,DIRECTION GENERALE DE LA POSTE,75015,PARIS,53.10Z,O,200054781,A,2003-01-01,51
ELECTRICITE DE FRANCE (EDF),552081317,9135,3613,22,DE WAGRAM,22-30,75008,PARIS,35.11Z,O,200054781,A,2006-08-01,NN
ELIOR RESTAURATION FRANCE (ELIOR RESTAURATION ENSEIGNEMENT - ELIOR RESTAURATION SANTE),662025196,7074,2979,51,DES MECHES,,94000,CRETEIL,56.29B,N,200054781,A,2025-04-01,NN
SNCF RESEAU,412280737,2235,2071,15,JEAN-PHILIPPE RAMEAU,15 AU 17,93200,SAINT-DENIS,52.21Z,O,200054781,A,2015-10-01,41
BNP PARIBAS (HELLO BANK!),662042449,3762,2016,16,DES ITALIENS,,75009,PARIS,64.19Z,O,200054781,A,1966-07-01,42
CREDIT LYONNAIS (LCL),954509741,3436,1441,18,DE LA REPUBLIQUE,,69002,LYON,64.19Z,O,200046977,A,2001-08-31,41
SOGERES (SOGERES),572102176,2856,1221,6,DE LA REDOUTE,,78280,GUYANCOURT,70.10Z,O,200058782,A,2018-01-01,21
API RESTAURATION,477181010,1321,1171,384,DU GENERAL DE GAULLE,,59370,MONS-EN-BAR�UL,70.10Z,O,200093201,A,2007-02-15,32
FRANCE TRAVAIL,130005481,2708,1075,1,DU DOCTEUR GLEY,LE CINETIC 1 A 5,75020,PARIS,84.13Z,O,200054781,A,2008-12-19,41
SODEXO ENTREPRISES,338253230,2822,1072,6,DE LA REDOUTE,,78280,GUYANCOURT,56.29A,O,200058782,A,2009-07-01,31
LA POSTE,356000000,13095,9065,9,DU COLONEL PIERRE AVIA,DIRECTION GENERALE DE LA POSTE,75015,PARIS,53.10Z,O,200054781,A,2003-01-01,51
ELIOR RESTAURATION FRANCE (ELIOR RESTAURATION ENSEIGNEMENT - ELIOR RESTAURATION SANTE),662025196,7074,2979,51,DES MECHES,,94000,CRETEIL,56.29B,N,200054781,A,2025-04-01,NN
SNCF RESEAU,412280737,2235,2071,15,JEAN-PHILIPPE RAMEAU,15 AU 17,93200,SAINT-DENIS,52.21Z,O,200054781,A,2015-10-01,41
BNP PARIBAS (HELLO BANK!),662042449,3762,2016,16,DES ITALIENS,,75009,PARIS,64.19Z,O,200054781,A,1966-07-01,42
ORANGE,380129866,4451,1867,111,DU PRESIDENT ROOSEVELT,,92130,ISSY-LES-MOULINEAUX,61.10Z,O,200054781,A,2020-06-01,51
COMPASS GROUP FRANCE,632041042,7197,1770,117,DE LA REPUBLIQUE,117-133,92320,CHATILLON,56.29A,O,200054781,A,2017-01-13,32
LIDL (LIDL),343262622,2720,1691,1,DE HANOVRE,,92290,CHATENAY-MALABRY,70.10Z,O,200054781,A,2024-06-17,NN
OGF,542076799,3072,1639,6,DU GENERAL AUDRAN,IMMEUBLE CANOPY,92400,COURBEVOIE,96.03Z,O,200054781,A,2024-07-01,NN
CREDIT LYONNAIS (LCL),954509741,3436,1441,18,DE LA REPUBLIQUE,,69002,LYON,64.19Z,O,200046977,A,2001-08-31,41
OBOL FRANCE 3,828160069,1130,1128,6,DU GENERAL AUDRAN,IMMEUBLE CANOPY,92400,COURBEVOIE,70.22Z,O,200054781,A,2024-07-01,NN
LA POSTE,356000000,13095,9065,9,DU COLONEL PIERRE AVIA,DIRECTION GENERALE DE LA POSTE,75015,PARIS,53.10Z,O,200054781,A,2003-01-01,51
ELECTRICITE DE FRANCE (EDF),552081317,9135,3613,22,DE WAGRAM,22-30,75008,PARIS,35.11Z,O,200054781,A,2006-08-01,NN
ELIOR RESTAURATION FRANCE (ELIOR RESTAURATION ENSEIGNEMENT - ELIOR RESTAURATION SANTE),662025196,7074,2979,51,DES MECHES,,94000,CRETEIL,56.29B,N,200054781,A,2025-04-01,NN
SODEXO ENTREPRISES,338253230,2822,1072,6,DE LA REDOUTE,,78280,GUYANCOURT,56.29A,O,200058782,A,2009-07-01,31
SOCIETE FRANCAISE DE RESTAURATION ET SERVICES (SODEXO ECOLES & UNIVERSITES DEL APPRO LES PETITS GASTRONOMES SODEXO ENSEIGNEMENT SUPERIEUR) (SFRS),338253131,1451,514,6,DE LA REDOUTE,,78280,GUYANCOURT,56.29A,O,200058782,A,2009-07-01,22
NEWREST RESTAURATION,351442082,821,500,8,HENRY POTEZ,,31700,BLAGNAC,56.29B,N,243100518,A,2023-03-01,NN
SAGNAT SOLAIRE,538160524,709,408,,LE LANGAULT,,41160,SAINT-HILAIRE-LA-GRAVELLE,70.10Z,N,200040772,A,2011-11-28,NN
MAVALEIX SOLAIRE,538160656,668,380,,LE LANGAULT,,41160,SAINT-HILAIRE-LA-GRAVELLE,70.10Z,N,200040772,A,2011-11-22,NN
LYONNAISE DE BANQUE (CIC LYONNAISE DE ...),954507976,714,374,8,DE LA REPUBLIQUE,,69001,LYON,64.19Z,O,200046977,A,1900-01-01,32
CAISSE REG CREDIT AGRICOLE MUT CTRE-EST (CRCAMCE),399973825,654,274,1,PIERRE DE TRUCHIS DE LAYS,,69410,CHAMPAGNE-AU-MONT-D OR,64.19Z,O,200046977,A,1995-01-01,42
LA POSTE,356000000,13095,9065,9,DU COLONEL PIERRE AVIA,DIRECTION GENERALE DE LA POSTE,75015,PARIS,53.10Z,O,200054781,A,2003-01-01,51
ELIOR RESTAURATION FRANCE (ELIOR RESTAURATION ENSEIGNEMENT - ELIOR RESTAURATION SANTE),662025196,7074,2979,51,DES MECHES,,94000,CRETEIL,56.29B,N,200054781,A,2025-04-01,NN
ORANGE,380129866,4451,1867,111,DU PRESIDENT ROOSEVELT,,92130,ISSY-LES-MOULINEAUX,61.10Z,O,200054781,A,2020-06-01,51
OGF,542076799,3072,1639,6,DU GENERAL AUDRAN,IMMEUBLE CANOPY,92400,COURBEVOIE,96.03Z,O,200054781,A,2024-07-01,NN
SOGERES (SOGERES),572102176,2856,1221,6,DE LA REDOUTE,,78280,GUYANCOURT,70.10Z,O,200058782,A,2018-01-01,21
API RESTAURATION,477181010,1321,1171,384,DU GENERAL DE GAULLE,,59370,MONS-EN-BAR�UL,70.10Z,O,200093201,A,2007-02-15,32
OBOL FRANCE 3,828160069,1130,1128,6,DU GENERAL AUDRAN,IMMEUBLE CANOPY,92400,COURBEVOIE,70.22Z,O,200054781,A,2024-07-01,NN
"LAGARDERE TRAVEL RETAIL FRANCE (COFEC - RELAY, RELAY STORE, RELAY SHOP, RELAY WEB, RELAY INTERNATIONAL)",542095336,1809,932,4,ANDRE MALRAUX,4-10 IMMEUBLE OCTANT,92300,LEVALLOIS-PERRET,70.10Z,O,200054781,A,2020-05-29,32
BASIC-FIT FRANCE (BASIC FIT FRANCE),798233011,931,913,7,DES PRECURSEURS,,59290,WASQUEHAL,93.13Z,O,200093201,A,2025-05-05,NN
NWJ MET 3,902890292,999,899,31,BOSQUET,,75007,PARIS,35.11Z,N,200054781,A,2023-09-01,NN
ELECTRICITE DE FRANCE (EDF),552081317,9135,3613,22,DE WAGRAM,22-30,75008,PARIS,35.11Z,O,200054781,A,2006-08-01,NN
SOCIETE NATIONALE SNCF (SNCF),552049447,9179,365,2,AUX ETOILES,,93210,SAINT-DENIS,49.10Z,O,200054781,A,1986-06-23,41
IRISOLAR 34,925325078,166,165,1200,OLIVIER PERROY,BAT F,13790,ROUSSET,35.11Z,N,200054807,A,2024-02-27,NN
BORALEX,424442762,137,35,71,JEAN JAURES,,62575,BLENDECQUES,64.30Z,O,200069037,A,2003-01-31,12
COMMUNE DE PLATEAU D'HAUTEVILLE,200086122,15,15,320,DE LA REPUBLIQUE,,01110,PLATEAU D'HAUTEVILLE,84.11Z,O,200042935,A,2019-01-01,21
ADPEP ASSO PUPILLE ENSEI PUBLI,315502013,23,14,7,JEAN-MARIE VERNE,MAISON DE L ENSEIGNEMENT,01000,BOURG-EN-BRESSE,87.10B,O,200071751,A,2003-10-01,11
SPIE BATIGNOLLES TP AURA,351561451,7,6,1530,D'ARGENT,ZI DE MORESTEL,38510,MORESTEL,42.11Z,O,200068542,A,1989-07-01,21
COMMUNE D ORDONNAZ,210102802,4,4,,,HOTEL DE VILLE,01510,ORDONNAZ,84.11Z,N,240100883,A,1983-03-01,02
COMMUNE DE LA BURBANCHE,210100665,3,3,,,HOTEL DE VILLE,01510,LA BURBANCHE,84.11Z,N,200040350,A,1983-03-01,01
COMMUNE DE ROSSILLON,210103297,3,3,2,HENRI BIDAULD,,01510,ROSSILLON,84.11Z,O,200040350,A,1983-03-01,02
TOTALENERGIES CHARGING SERVICES,844192443,250,246,24,MICHELET,,92800,PUTEAUX,33.20D,O,200054781,A,2019-12-17,22
ENILIVE FRANCE SARL,969502004,298,186,12,TONY GARNIER,,69007,LYON,68.20B,O,200046977,A,2015-03-04,21
ARGEDIS,306916099,293,184,23,FRANCOIS JACOB,,92500,RUEIL-MALMAISON,47.30Z,N,200054781,A,2020-07-07,22
DEPARTEMENT DE L AIN,220100010,103,90,45,D'ALSACE LORRAINE,,01000,BOURG-EN-BRESSE,84.11Z,O,200071751,A,1983-03-01,42
HOLDING DE RESTAURATION CONCEDEE HRC,379455231,121,60,150,VICTOR HUGO,,93400,SAINT-OUEN-SUR-SEINE,52.21Z,N,200054781,A,2025-07-01,NN
APRR (SAPRR),016250029,94,53,36,DU DOCTEUR SCHMITT,,21850,SAINT-APOLLINAIRE,70.10Z,O,242100410,A,1900-01-01,41
KALHYGE 1,971503578,57,36,4,TRUILLOT,"4-6-LA RED LAB,",94200,IVRY-SUR-SEINE,96.01A,O,200054781,A,2021-01-01,NN
AFRD 87,917848830,27,27,32,DE TOUNY,,81150,LAGRAVE,35.11Z,N,200066124,A,2022-07-21,NN
LANG ET ASSOCIES RHONE ALPES (LANG & ASSOCIES LYON),539362004,20,15,116,TETE D'OR,,69006,LYON,66.21Z,O,200046977,A,2018-12-20,03
BERNARD TRUCKS,332011287,27,15,519,DE PARME,,01000,BOURG-EN-BRESSE,70.10Z,O,200071751,A,2007-06-25,03
